title,poster,resolution,download,watch
Yume Kui Tsurumiku Shiki Game Seisaku - 02 vostfr [1080p][48fps][hstream.moe].mkv,https://asset.seekstreaming.info/zvVUQTnkPxaTY-Ei5njjtA/6sy/6spnig6q/obprsm/poster.png,1920x1080,https://le-malicieux.embedseek.com/#11lzk&dl=1,https://le-malicieux.embedseek.com/#11lzk
Yume Kui Tsurumiku Shiki Game Seisaku - 01 vostfr [1080p][48fps][hstream.moe].mkv,https://asset.seekstreaming.info/ODx-lenCJh7eHZ-dXwI19g/6sy/6spnig6q/xqzgw8/poster.png,1920x1080,https://le-malicieux.embedseek.com/#iibc9&dl=1,https://le-malicieux.embedseek.com/#iibc9
Yokujou Bazooka The Animation - 01 vostfr [1080p-HEVC][48fps][hstream.moe].mkv,https://asset.seekstreaming.info/Ozv1jtB5VkEXsCzIi0mHBw/6sy/6spnig6q/kfhoev/poster.png,1920x1080,https://le-malicieux.embedseek.com/#tte96&dl=1,https://le-malicieux.embedseek.com/#tte96
Yarakashi - 02 vostfr [1080p-HEVC][48fps][hstream.moe].mkv,https://asset.seekstreaming.info/ZXXQyEkoGEIaPPXe2FZQsg/6sy/6spnig6q/63yefp/poster.png,1920x1080,https://le-malicieux.embedseek.com/#mmdne&dl=1,https://le-malicieux.embedseek.com/#mmdne
Yarakashi - 01 vostfr [1080p-HEVC][48fps][hstream.moe].mkv,https://asset.seekstreaming.info/mypm7QRqIbBllnUnbxsCmQ/6sy/6spnig6q/pw69mp/poster.png,1920x1080,https://le-malicieux.embedseek.com/#99nba&dl=1,https://le-malicieux.embedseek.com/#99nba
Warau Kangofu The Animation 02 vostfr.mkv,https://asset.seekstreaming.info/pqH0d58a8knZCXVFE-f0qQ/nc9/6spnig6q/8ed3uq/poster.png,1920x1080,https://le-malicieux.embedseek.com/#ll9ix&dl=1,https://le-malicieux.embedseek.com/#ll9ix
Warau Kangofu The Animation 01 vostfr.mkv,https://asset.seekstreaming.info/KYngyYNmDt9jkl0J_yNNQw/nc9/6spnig6q/5lqanc/poster.png,1920x1080,https://le-malicieux.embedseek.com/#5563d&dl=1,https://le-malicieux.embedseek.com/#5563d
Wana Hakudaku Mamire no Houkago 02 vostfr.mkv,https://asset.seekstreaming.info/ysD2UvZioqop5E9fIQfagg/6sy/6spnig6q/m816wf/poster.png,1920x1080,https://le-malicieux.embedseek.com/#ssgal&dl=1,https://le-malicieux.embedseek.com/#ssgal
Wana Hakudaku Mamire no Houkago 01 vostfr.mkv,https://asset.seekstreaming.info/wTh4YfG2HZ3yk4_aRJwjww/6sy/6spnig6q/uysdes/poster.png,1440x1080,https://le-malicieux.embedseek.com/#88aly&dl=1,https://le-malicieux.embedseek.com/#88aly
Ura Jutaijima - 02 vostfr [1080p-x265][48fps][hstream.moe][v2].mkv,https://asset.seekstreaming.info/_kIVZHNLnD-5zNEab1Rw7A/6sy/6spnig6q/qiocku/poster.png,1920x1080,https://le-malicieux.embedseek.com/#eerwu&dl=1,https://le-malicieux.embedseek.com/#eerwu
Unsweet Netorare Ochita Onna-tachi - 01 vostfr [1080p-HEVC][hstream.moe].mkv,https://asset.seekstreaming.info/8VaY4TwU2yQzayTloJeTZA/6sy/6spnig6q/63ye11/poster.png,1920x1080,https://le-malicieux.embedseek.com/#xxtkn&dl=1,https://le-malicieux.embedseek.com/#xxtkn
Ura Jutaijima - 01 vostfr [1080p-x265][48fps][hstream.moe][v2].mkv,https://asset.seekstreaming.info/57dv72XwJKkKxVF7Cx7OQQ/6sy/6spnig6q/chrtok/poster.png,1920x1080,https://le-malicieux.embedseek.com/#ssgad&dl=1,https://le-malicieux.embedseek.com/#ssgad
Uchuu Kaizoku Sara - 04 vostfr [1080p-HEVC][hstream.moe].mkv,https://asset.seekstreaming.info/ZRnM1HheLXQ0dO7l1UplOw/6sy/6spnig6q/obprhx/poster.png,1920x1080,https://le-malicieux.embedseek.com/#wwxvt&dl=1,https://le-malicieux.embedseek.com/#wwxvt
Uchuu Kaizoku Sara - 03 vostfr [1080p-HEVC][hstream.moe].mkv,https://asset.seekstreaming.info/RRo52QKt5peHcwdjquDOaw/nc9/6spnig6q/dxlnsb/poster.png,1920x1080,https://le-malicieux.embedseek.com/#kku5m&dl=1,https://le-malicieux.embedseek.com/#kku5m
Uchuu Kaizoku Sara - 02 vostfr [1080p-HEVC][hstream.moe].mkv,https://asset.seekstreaming.info/c5R4akQY1CfvTtCYikfSpQ/6sy/6spnig6q/rm9jpw/poster.png,1920x1080,https://le-malicieux.embedseek.com/#kku5e&dl=1,https://le-malicieux.embedseek.com/#kku5e
Uchuu Kaizoku Sara - 01 vostfr [1080p-HEVC][hstream.moe].mkv,https://asset.seekstreaming.info/gPREa3mELk-leTzRoIiKSA/6sy/6spnig6q/63ye1s/poster.png,1920x1080,https://le-malicieux.embedseek.com/#bb1jx&dl=1,https://le-malicieux.embedseek.com/#bb1jx
Tsubaki Iro no Purijioone 02 vostfr.mkv,https://asset.seekstreaming.info/vv_rOhb2mqP5_-TK7y1QoA/6sy/6spnig6q/pw69xs/poster.png,640x480,https://le-malicieux.embedseek.com/#iibhe&dl=1,https://le-malicieux.embedseek.com/#iibhe
Tsubaki Iro no Purijioone 03 vostfr.mkv,https://asset.seekstreaming.info/F-zVFZcxA_G4kIiby8iUbQ/nc9/6spnig6q/8ed3kj/poster.png,640x480,https://le-malicieux.embedseek.com/#jjfgd&dl=1,https://le-malicieux.embedseek.com/#jjfgd
Tsubaki Iro no Purijioone 01 vostfr.mkv,https://asset.seekstreaming.info/HmUOrjp76tJai-5dQRogPA/nc9/6spnig6q/5lqar8/poster.png,640x480,https://le-malicieux.embedseek.com/#hhjse&dl=1,https://le-malicieux.embedseek.com/#hhjse
True Blue Gaiden - 01 vostfr [1080p-HEVC][hstream.moe].mkv,https://asset.seekstreaming.info/HGoETQmR7yv1zrFctmYR6w/nc9/6spnig6q/saglyq/poster.png,1920x1080,https://le-malicieux.embedseek.com/#11lf8&dl=1,https://le-malicieux.embedseek.com/#11lf8
True Blue - 02 vostfr [1080p-HEVC][hstream.moe].mkv,https://asset.seekstreaming.info/QYkDqj7GEOkE20guO_jKSw/qtd/6spnig6q/m816vp/poster.png,1920x1080,https://le-malicieux.embedseek.com/#iibhu&dl=1,https://le-malicieux.embedseek.com/#iibhu
True Blue - 01 vostfr [1080p-HEVC][hstream.moe].mkv,https://asset.seekstreaming.info/J18nhcDNXVU-5eJP5BHeNg/qtd/6spnig6q/tpjvo1/poster.png,1920x1080,https://le-malicieux.embedseek.com/#88alh&dl=1,https://le-malicieux.embedseek.com/#88alh
Triangle Blue - 02 vostfr [1080p-HEVC][48fps][hstream.moe].mkv,https://asset.seekstreaming.info/mdk034294Qvr5q6bgd1GmA/qtd/6spnig6q/8ed3lr/poster.png,1920x1080,https://le-malicieux.embedseek.com/#5563s&dl=1,https://le-malicieux.embedseek.com/#5563s
Triangle Blue - 01 vostfr [1080p-HEVC][48fps][hstream.moe].mkv,https://asset.seekstreaming.info/ESPZU3r_i8oPoJMhhi1PVA/qtd/6spnig6q/xqzgtz/poster.png,1920x1080,https://le-malicieux.embedseek.com/#vvkyz&dl=1,https://le-malicieux.embedseek.com/#vvkyz
Toriko no Chigiri - 02 vostfr [1080p-HEVC][48fps][hstream.moe].mkv,https://asset.seekstreaming.info/iz4VdjIiUBS3EXMO0WfIjg/qtd/6spnig6q/uysdgi/poster.png,1920x1080,https://le-malicieux.embedseek.com/#tteu9&dl=1,https://le-malicieux.embedseek.com/#tteu9
Toriko no Chigiri - 01 vostfr [1080p-HEVC][48fps][hstream.moe].mkv,https://asset.seekstreaming.info/ZAHdFFxP31qO0l1hDd8_rQ/nc9/6spnig6q/63yeaa/poster.png,1920x1080,https://le-malicieux.embedseek.com/#ppyoo&dl=1,https://le-malicieux.embedseek.com/#ppyoo
Toriko Hime Hakudaku Mamire no Reijou - 02 vostfr [1080p-HEVC][48fps][hstream.moe].mkv,https://asset.seekstreaming.info/tPkFRruQ0ALMMVDaID7gbA/nc9/6spnig6q/j6u8si/poster.png,1920x1080,https://le-malicieux.embedseek.com/#aaeaa&dl=1,https://le-malicieux.embedseek.com/#aaeaa
Toriko Hime Hakudaku Mamire no Reijou - 01 vostfr [1080p-HEVC][48fps][hstream.moe].mkv,https://asset.seekstreaming.info/91eJJPRZlblHEy9dqWSaNQ/qtd/6spnig6q/dxlni1/poster.png,1920x1080,https://le-malicieux.embedseek.com/#99w9t&dl=1,https://le-malicieux.embedseek.com/#99w9t
Tokubetsu Jugyou 02 vostfr.mkv,https://asset.seekstreaming.info/RyYRPzMbBS_ybtUE6fCNXw/nc9/6spnig6q/e5xszp/poster.png,960x720,https://le-malicieux.embedseek.com/#ccjcz&dl=1,https://le-malicieux.embedseek.com/#ccjcz
Tokubetsu Jugyou 2 02 vostfr.mkv,https://asset.seekstreaming.info/BtzG0g3KkwmAqP2Y5KQuuw/qtd/6spnig6q/63yev6/poster.png,640x480,https://le-malicieux.embedseek.com/#wwdws&dl=1,https://le-malicieux.embedseek.com/#wwdws
Tokubetsu Jugyou 2 01 vostfr.mkv,https://asset.seekstreaming.info/KreISkiOCzw7uqYaZzd4KQ/nc9/6spnig6q/v98wo5/poster.png,640x480,https://le-malicieux.embedseek.com/#kkake&dl=1,https://le-malicieux.embedseek.com/#kkake
Tentacle and Witches - 04 vostfr [1080p-HEVC][48fps][hstream.moe][v2].mkv,https://asset.seekstreaming.info/6DwX_4DDc74aRedKgUtkaw/nc9/6spnig6q/gcfi5x/poster.png,1920x1080,https://le-malicieux.embedseek.com/#kkakg&dl=1,https://le-malicieux.embedseek.com/#kkakg
Tokubetsu Jugyou 01 vostfr.mkv,https://asset.seekstreaming.info/3vnnyp4W3tD8_8A8Dz5GTg/nc9/6spnig6q/bjwmc1/poster.png,960x720,https://le-malicieux.embedseek.com/#bbvbd&dl=1,https://le-malicieux.embedseek.com/#bbvbd
Tentacle and Witches - 03 vostfr [1080p-HEVC][48fps][hstream.moe][v2].mkv,https://asset.seekstreaming.info/WfDF8D-U8xpzr-TkliAFiw/nc9/6spnig6q/8ed3pd/poster.png,1920x1080,https://le-malicieux.embedseek.com/#66n6q&dl=1,https://le-malicieux.embedseek.com/#66n6q
Tentacle and Witches - 02 vostfr [1080p-HEVC][48fps][hstream.moe][v2].mkv,https://asset.seekstreaming.info/30qOQ2wszoPvjQCGn1G8Aw/nc9/6spnig6q/qiocsp/poster.png,1920x1080,https://le-malicieux.embedseek.com/#ii6ig&dl=1,https://le-malicieux.embedseek.com/#ii6ig
Tentacle and Witches - 01 vostfr [1080p-HEVC][48fps][hstream.moe][v2].mkv,https://asset.seekstreaming.info/xypUldyvwFbqamnqwMZeJQ/nc9/6spnig6q/itbhan/poster.png,1920x1080,https://le-malicieux.embedseek.com/#hhphg&dl=1,https://le-malicieux.embedseek.com/#hhphg
Tennen Koi-iro Alcohol - 01 vostfr [1080p-HEVC][48fps][hstream.moe].mkv,https://asset.seekstreaming.info/RSyPN_Bc5LeyL4F9TXKrxw/nc9/6spnig6q/hvmpzl/poster.png,1920x1080,https://le-malicieux.embedseek.com/#ii6ia&dl=1,https://le-malicieux.embedseek.com/#ii6ia
Succubus Yondara Gibo ga Kita - 02 vostfr [1080p-HEVC][48fps][hstream.moe].mkv,https://asset.seekstreaming.info/4hzE9OPPnhjD5hxKE3y6KQ/nc9/6spnig6q/8ed3so/poster.png,1920x1080,https://le-malicieux.embedseek.com/#5595c&dl=1,https://le-malicieux.embedseek.com/#5595c
Succubus Yondara Gibo ga Kita - 01 vostfr [1080p-HEVC][48fps][hstream.moe].mkv,https://asset.seekstreaming.info/hGVSAQnG1KMxq5wniINgbQ/nc9/6spnig6q/m8163v/poster.png,1920x1080,https://le-malicieux.embedseek.com/#vv8vf&dl=1,https://le-malicieux.embedseek.com/#vv8vf
Stringendo Angel-tachi no Private Lesson - 12 vostfr [1080p-HEVC][hstream.moe].mkv,https://asset.seekstreaming.info/YcONrajFlfERTWD7svXjkw/nc9/6spnig6q/uysdxg/poster.png,1920x1080,https://le-malicieux.embedseek.com/#ttgtu&dl=1,https://le-malicieux.embedseek.com/#ttgtu
Stringendo Angel-tachi no Private Lesson - 11 vostfr [1080p-HEVC][hstream.moe].mkv,https://asset.seekstreaming.info/wMwaJJg4LBUqsTG7_g0X8A/qtd/6spnig6q/ngkqi6/poster.png,1920x1080,https://le-malicieux.embedseek.com/#aaett&dl=1,https://le-malicieux.embedseek.com/#aaett
Stringendo Angel-tachi no Private Lesson - 10 vostfr [1080p-HEVC][hstream.moe].mkv,https://asset.seekstreaming.info/uxDa_3oJF4f84yFpSVaIEg/qtd/6spnig6q/hvmpwt/poster.png,1920x1080,https://le-malicieux.embedseek.com/#mmreo&dl=1,https://le-malicieux.embedseek.com/#mmreo
Stringendo Angel-tachi no Private Lesson - 09 vostfr [1080p-HEVC][hstream.moe].mkv,https://asset.seekstreaming.info/sAw7e-qF87ZIpn0aYiaPwA/qtd/6spnig6q/xqzgco/poster.png,1920x1080,https://le-malicieux.embedseek.com/#uuma3&dl=1,https://le-malicieux.embedseek.com/#uuma3
Stringendo Angel-tachi no Private Lesson - 08 vostfr [1080p-HEVC][hstream.moe].mkv,https://asset.seekstreaming.info/3y75Y5Zj4WLT26Wif9gZUw/qtd/6spnig6q/dxlngw/poster.png,1920x1080,https://le-malicieux.embedseek.com/#559lq&dl=1,https://le-malicieux.embedseek.com/#559lq
Stringendo Angel-tachi no Private Lesson - 07 vostfr [1080p-HEVC][hstream.moe].mkv,https://asset.seekstreaming.info/_pFEpyMbG91pxjA6sIMxXg/qtd/6spnig6q/m8163e/poster.png,1920x1080,https://le-malicieux.embedseek.com/#eeqgt&dl=1,https://le-malicieux.embedseek.com/#eeqgt
Stringendo Angel-tachi no Private Lesson - 06 vostfr [1080p-HEVC][hstream.moe].mkv,https://asset.seekstreaming.info/xFeUzdghTviHc0V6egUxxA/qtd/6spnig6q/e5xsve/poster.png,1920x1080,https://le-malicieux.embedseek.com/#xxsdm&dl=1,https://le-malicieux.embedseek.com/#xxsdm
Stringendo Angel-tachi no Private Lesson - 05 vostfr [1080p-HEVC][hstream.moe].mkv,https://asset.seekstreaming.info/VPdRpJHGd0Nww53mPJAufg/qtd/6spnig6q/gcfi3y/poster.png,1920x1080,https://le-malicieux.embedseek.com/#ssocq&dl=1,https://le-malicieux.embedseek.com/#ssocq
Stringendo Angel-tachi no Private Lesson - 04 vostfr [1080p-HEVC][hstream.moe].mkv,https://asset.seekstreaming.info/V27guxRU8pWWD5WN2XLBCg/qtd/6spnig6q/8ed3hu/poster.png,1920x1080,https://le-malicieux.embedseek.com/#ccjhf&dl=1,https://le-malicieux.embedseek.com/#ccjhf
Stringendo Angel-tachi no Private Lesson - 03 vostfr [1080p-HEVC][hstream.moe].mkv,https://asset.seekstreaming.info/AYkdVSWE_ksKaJ84nddXew/qtd/6spnig6q/m816c5/poster.png,1920x1080,https://le-malicieux.embedseek.com/#wwdmc&dl=1,https://le-malicieux.embedseek.com/#wwdmc
Stringendo Angel-tachi no Private Lesson - 02 vostfr [1080p-HEVC][hstream.moe].mkv,https://asset.seekstreaming.info/gkBbLmbOtsLgR2Ku9RRTTw/qtd/6spnig6q/hvmpa3/poster.png,1920x1080,https://le-malicieux.embedseek.com/#66n9z&dl=1,https://le-malicieux.embedseek.com/#66n9z
Stringendo Angel-tachi no Private Lesson - 01 vostfr [1080p-HEVC][hstream.moe].mkv,https://asset.seekstreaming.info/7V4siTZMvr3fPI8rdEEgKg/qtd/6spnig6q/obprxw/poster.png,1920x1080,https://le-malicieux.embedseek.com/#jjypq&dl=1,https://le-malicieux.embedseek.com/#jjypq
Stringendo & Accelerando Ultimatum Sera - 02 vostfr [1080p-x265][48fps][hstream.moe].mkv,https://asset.seekstreaming.info/lY4Z5rNdzee4OXad4OZfEQ/qtd/6spnig6q/itbh5d/poster.png,1920x1080,https://le-malicieux.embedseek.com/#hhp3o&dl=1,https://le-malicieux.embedseek.com/#hhp3o
Stringendo & Accelerando Ultimatum Sera - 03 vostfr [1080p-x265][48fps][hstream.moe].mkv,https://asset.seekstreaming.info/LgYILC1YzAPhbM9oGlIfeA/qtd/6spnig6q/91euf8/poster.png,1920x1080,https://le-malicieux.embedseek.com/#oofjz&dl=1,https://le-malicieux.embedseek.com/#oofjz
Stretta The Animation - 02 vostfr [1080p-x265][48fps][hstream.moe].mkv,https://asset.seekstreaming.info/n3Z43-bdYUy8IaGJW9-66Q/qtd/6spnig6q/kfhoyj/poster.png,1920x1080,https://le-malicieux.embedseek.com/#hhp3b&dl=1,https://le-malicieux.embedseek.com/#hhp3b
Stringendo & Accelerando Ultimatum Sera - 01 vostfr [1080p-x265][48fps][hstream.moe].mkv,https://asset.seekstreaming.info/B3EoxM1856BgK23RyOPqKw/qtd/6spnig6q/pw69zu/poster.png,1920x1080,https://le-malicieux.embedseek.com/#33bi9&dl=1,https://le-malicieux.embedseek.com/#33bi9
Stretta The Animation - 01 vostfr [1080p-x265][48fps][hstream.moe].mkv,https://asset.seekstreaming.info/JDwA3bg75eoZy0EkOF7n6Q/qtd/6spnig6q/m816ci/poster.png,1920x1080,https://le-malicieux.embedseek.com/#11kvd&dl=1,https://le-malicieux.embedseek.com/#11kvd
Spocon - 02 vostfr [1080p-HEVC][48fps][hstream.moe].mkv,https://asset.seekstreaming.info/_5EwPvryZIeEOrf_z4MRkA/qtd/6spnig6q/tpjvlv/poster.png,1920x1080,https://le-malicieux.embedseek.com/#ii65t&dl=1,https://le-malicieux.embedseek.com/#ii65t
Spocon - 01 vostfr [1080p-HEVC][48fps][hstream.moe].mkv,https://asset.seekstreaming.info/7y9nOS8cxfiP1cHEVEVWfA/nc9/6spnig6q/v98w9c/poster.png,1920x1080,https://le-malicieux.embedseek.com/#88txi&dl=1,https://le-malicieux.embedseek.com/#88txi
Soushisouai Note The Animation - 02 vostfr [1080p-HEVC][48fps][hstream.moe].mkv,https://asset.seekstreaming.info/kSgaiEmN0h63LjYvpnwVwg/nc9/6spnig6q/gcficf/poster.png,1920x1080,https://le-malicieux.embedseek.com/#559lh&dl=1,https://le-malicieux.embedseek.com/#559lh
Soushisouai Note The Animation - 01 vostfr [1080p-HEVC][48fps][hstream.moe].mkv,https://asset.seekstreaming.info/xUGtPIkFNwEpdXWYxCod8g/nc9/6spnig6q/5lqalo/poster.png,1920x1080,https://le-malicieux.embedseek.com/#vv8ny&dl=1,https://le-malicieux.embedseek.com/#vv8ny
Soredemo Tsuma wo Aishiteru 2 - 02 vostfr [1080p-HEVC][48fps][hstream.moe][v2].mkv,https://asset.seekstreaming.info/iWNlR2UZFVt1Rsa-FjC48Q/nc9/6spnig6q/63ye33/poster.png,1920x1080,https://le-malicieux.embedseek.com/#ttgct&dl=1,https://le-malicieux.embedseek.com/#ttgct
Soredemo Tsuma wo Aishiteru 2 - 01 vostfr [1080p-HEVC][48fps][hstream.moe][v2].mkv,https://asset.seekstreaming.info/nH3cfPt3nnUm2VpnI1wzVg/nc9/6spnig6q/ngkqgm/poster.png,1920x1080,https://le-malicieux.embedseek.com/#pp16b&dl=1,https://le-malicieux.embedseek.com/#pp16b
Shoujo x Shoujo x Shoujo The Animation - 02 vostfr [1080p-HEVC][hstream.moe].mkv,https://asset.seekstreaming.info/iIRyQ-hesL2_jMvLt7cbiw/qtd/6spnig6q/hvmpvc/poster.png,1920x1080,https://le-malicieux.embedseek.com/#ggzjp&dl=1,https://le-malicieux.embedseek.com/#ggzjp
Shoujo x Shoujo x Shoujo The Animation - 01 vostfr [1080p-HEVC][hstream.moe].mkv,https://asset.seekstreaming.info/O449VHCG-f8efx2L2qEDTQ/qtd/6spnig6q/lzikzt/poster.png,1920x1080,https://le-malicieux.embedseek.com/#mmrgj&dl=1,https://le-malicieux.embedseek.com/#mmrgj
Shoujo Senki Brain Jacker 02 vostfr.mkv,https://asset.seekstreaming.info/d4FACCA6DOua8FaPtPIuCQ/qtd/6spnig6q/obprba/poster.png,1920x1080,https://le-malicieux.embedseek.com/#99wac&dl=1,https://le-malicieux.embedseek.com/#99wac
Shoujo Senki Brain Jacker 01 vostfr.mkv,https://asset.seekstreaming.info/4atCJr2W1XGbv4dyvkIASg/qtd/6spnig6q/xqzgqk/poster.png,1920x1080,https://le-malicieux.embedseek.com/#llu8q&dl=1,https://le-malicieux.embedseek.com/#llu8q
Shoujo kara Shoujo e... - 01 vostfr [1080p-HEVC][48fps][hstream.moe].mkv,https://asset.seekstreaming.info/zpBL5w-uhIRsFtDGc21B1w/qtd/6spnig6q/dxlnxv/poster.png,1920x1080,https://le-malicieux.embedseek.com/#uumti&dl=1,https://le-malicieux.embedseek.com/#uumti
Shoujo kara Shoujo e... - 02 vostfr [1080p-HEVC][48fps][hstream.moe].mkv,https://asset.seekstreaming.info/EFJgV-ecgSz-qpHUrSJRgg/qtd/6spnig6q/91eu1q/poster.png,1920x1080,https://le-malicieux.embedseek.com/#559kz&dl=1,https://le-malicieux.embedseek.com/#559kz
Shocking Pink! - 02 [1080p-HEVC][48fps][hstream.moe].mkv,https://asset.seekstreaming.info/xRndwTT4GD6XxG6zdGHcdA/qtd/6spnig6q/xqzgj9/poster.png,1920x1080,https://le-malicieux.embedseek.com/#nnxmd&dl=1,https://le-malicieux.embedseek.com/#nnxmd
Shiofuki Mermaid - 01 vostfr [1080p-HEVC][48fps][hstream.moe].mkv,https://asset.seekstreaming.info/rpetDpoGMlvaQVyZvGveGA/nc9/6spnig6q/itbh3u/poster.png,1920x1080,https://le-malicieux.embedseek.com/#hhpi6&dl=1,https://le-malicieux.embedseek.com/#hhpi6
Shocking Pink! - 01 vostfr [1080p-HEVC][48fps][hstream.moe].mkv,https://asset.seekstreaming.info/C-RIou5kL6PI88oQLw4j2w/nc9/6spnig6q/91euzj/poster.png,1920x1080,https://le-malicieux.embedseek.com/#33b5u&dl=1,https://le-malicieux.embedseek.com/#33b5u
Shin Kyouhaku 2 The Animation Kizu ni Saku Hana Senketsu no Kurenai_02_vostfr.mkv,https://asset.seekstreaming.info/VYkPmCvOkCC-U71JzhHi3A/nc9/6spnig6q/tpjvh3/poster.png,1280x720,https://le-malicieux.embedseek.com/#vv8mv&dl=1,https://le-malicieux.embedseek.com/#vv8mv
Shin Kyouhaku 2 The Animation Kizu ni Saku Hana Senketsu no Kurenai_02_[446AA84A].mkv,https://asset.seekstreaming.info/ZZxnvvehXJc3wDDz5ABZIA/nc9/6spnig6q/hvmpti/poster.png,1280x720,https://le-malicieux.embedseek.com/#ttghs&dl=1,https://le-malicieux.embedseek.com/#ttghs
Shin Hitou Meguri - 01 vostfr [1080p-HEVC][48fps][hstream.moe].mkv,https://asset.seekstreaming.info/pjo2ODaErhktBbvLIGX_vw/nc9/6spnig6q/gcfiqz/poster.png,1920x1080,https://le-malicieux.embedseek.com/#pp196&dl=1,https://le-malicieux.embedseek.com/#pp196
Shin Kyouhaku 2 The Animation Kizu ni Saku Hana Senketsu no Kurenai_01_vostfr.mkv,https://asset.seekstreaming.info/PnLE4H0_DdGo1fKLFolicA/nc9/6spnig6q/bjwmr5/poster.png,1280x720,https://le-malicieux.embedseek.com/#aaecc&dl=1,https://le-malicieux.embedseek.com/#aaecc
Shiiba-san no Ura no Kao. with Imouto Lip - 01 vostfr [1080p-HEVC][48fps][hstream.moe].mkv,https://asset.seekstreaming.info/sW4D3o86PHvbBDiu-uASRg/nc9/6spnig6q/ngkqxb/poster.png,1920x1080,https://le-malicieux.embedseek.com/#99wth&dl=1,https://le-malicieux.embedseek.com/#99wth
Sexfriend no Senpai The Animation - 02 vostfr [1080p-HEVC][48fps][hstream.moe].mkv,https://asset.seekstreaming.info/UwGan78HkgcMMP8C-BgCgg/nc9/6spnig6q/chrtig/poster.png,1920x1080,https://le-malicieux.embedseek.com/#lluxz&dl=1,https://le-malicieux.embedseek.com/#lluxz
Sexfriend no Senpai The Animation - 01 vostfr [1080p-HEVC][48fps][hstream.moe].mkv,https://asset.seekstreaming.info/XWLJALmP3ZpdAhNCliZm9A/qtd/6spnig6q/lzikac/poster.png,1920x1080,https://le-malicieux.embedseek.com/#uums5&dl=1,https://le-malicieux.embedseek.com/#uums5
Sei Yariman Gakuen Enkou Nikki The Animation - 01 vostfr [1080p-HEVC][48fps][hstream.moe].mkv,https://asset.seekstreaming.info/PjxqFBAaw0WvU9qQa7i4EA/qtd/6spnig6q/dxlnyt/poster.png,1920x1080,https://le-malicieux.embedseek.com/#5598f&dl=1,https://le-malicieux.embedseek.com/#5598f
Saishuu Chikan Densha Next - 02 vostfr [1080p-HEVC][48fps][hstream.moe].mkv,https://asset.seekstreaming.info/mqDTZOC4mXsjhm9xKfwUXQ/qtd/6spnig6q/kfhozd/poster.png,1920x1080,https://le-malicieux.embedseek.com/#sso3d&dl=1,https://le-malicieux.embedseek.com/#sso3d
Saishuu Chikan Densha Next - 01 vostfr [1080p-HEVC][48fps][hstream.moe].mkv,https://asset.seekstreaming.info/891HnaffnaDAuKWO0Os_2g/qtd/6spnig6q/m816nx/poster.png,1920x1080,https://le-malicieux.embedseek.com/#88trw&dl=1,https://le-malicieux.embedseek.com/#88trw
Saimin Gakuen - 02 vostfr [1080p-HEVC][48fps][hstream.moe].mkv,https://asset.seekstreaming.info/wsHJbp8HzJzcG4NEXqJnYg/nc9/6spnig6q/itbh8b/poster.png,1920x1080,https://le-malicieux.embedseek.com/#sso3f&dl=1,https://le-malicieux.embedseek.com/#sso3f
Saimin Jutsu Zero Special 01 vostfr [1080p-HEVC][48fps][hstream.moe].mkv,https://asset.seekstreaming.info/_B4y1wW1rYVKlLVY6dZuaw/nc9/6spnig6q/bjwmdt/poster.png,1920x1080,https://le-malicieux.embedseek.com/#wwdg3&dl=1,https://le-malicieux.embedseek.com/#wwdg3
Saimin Gakuen - 01 vostfr [1080p-HEVC][48fps][hstream.moe].mkv,https://asset.seekstreaming.info/CpRnKJNOgNfiKdzdYnsg_w/nc9/6spnig6q/pw695y/poster.png,1920x1080,https://le-malicieux.embedseek.com/#kkadj&dl=1,https://le-malicieux.embedseek.com/#kkadj
Saimin class Joshi Zenin Shiranai uchi ni ninshin Shitemashita - 02 vostfr [1080p-HEVC][48fps][hstream.moe][v2].mkv,https://asset.seekstreaming.info/nN69MC3JD5lB4yQIfgeDcw/nc9/6spnig6q/xqzgrc/poster.png,1920x1080,https://le-malicieux.embedseek.com/#bbvuz&dl=1,https://le-malicieux.embedseek.com/#bbvuz
Ryou Seibai! Gakuen Bishoujo Seisai Hiroku - 02 vostfr [1080p-HEVC][48fps][hstream.moe].mkv,https://asset.seekstreaming.info/e25Qufwy47TftflN-ZHqJw/nc9/6spnig6q/hvmp3j/poster.png,1920x1080,https://le-malicieux.embedseek.com/#66nay&dl=1,https://le-malicieux.embedseek.com/#66nay
Saimin class Joshi Zenin Shiranai uchi ni ninshin Shitemashita - 01 vostfr [1080p-HEVC][48fps][hstream.moe][v2].mkv,https://asset.seekstreaming.info/9mspQ1Dk9WAnteYu3Jp9Xg/nc9/6spnig6q/lzikv8/poster.png,1920x1080,https://le-malicieux.embedseek.com/#ii6kp&dl=1,https://le-malicieux.embedseek.com/#ii6kp
Ryou Seibai! Gakuen Bishoujo Seisai Hiroku - 01 vostfr [1080p-HEVC][48fps][hstream.moe].mkv,https://asset.seekstreaming.info/kacfEAEnz_zN4jrkb62-gA/qtd/6spnig6q/63yej1/poster.png,1920x1080,https://le-malicieux.embedseek.com/#33bla&dl=1,https://le-malicieux.embedseek.com/#33bla
Rin x Sen + Ran - Sem cross mix - 02 vostfr [1080p-HEVC][48fps][hstream.moe].mkv,https://asset.seekstreaming.info/MdlxY8yO0ujo0LhVleFjqA/qtd/6spnig6q/bjwmo3/poster.png,1920x1080,https://le-malicieux.embedseek.com/#11kwq&dl=1,https://le-malicieux.embedseek.com/#11kwq
Rin x Sen + Ran - Sem cross mix - 01 vostfr [1080p-HEVC][48fps][hstream.moe].mkv,https://asset.seekstreaming.info/sX7kmr3j7ppkgyUzLSxKrQ/qtd/6spnig6q/uysdw1/poster.png,1920x1080,https://le-malicieux.embedseek.com/#ii6kc&dl=1,https://le-malicieux.embedseek.com/#ii6kc
Reijoku no Yakata - 02 vostfr [1080p-HEVC][48fps][hstream.moe].mkv,https://asset.seekstreaming.info/ezhIZgtPQiB8FBcCUHjmyQ/nc9/6spnig6q/j6u8b1/poster.png,1920x1080,https://le-malicieux.embedseek.com/#559x5&dl=1,https://le-malicieux.embedseek.com/#559x5
Reinou Tantei Miko 02 vostfr.mkv,https://asset.seekstreaming.info/b2YopiPN1saEMld1EREf0g/nc9/6spnig6q/rm9j1d/poster.png,640x480,https://le-malicieux.embedseek.com/#vv8en&dl=1,https://le-malicieux.embedseek.com/#vv8en
Reinou Tantei Miko 01 vostfr.mkv,https://asset.seekstreaming.info/LPJcMO_lfN7PItNzlFYP_Q/qtd/6spnig6q/pw693h/poster.png,640x480,https://le-malicieux.embedseek.com/#ttg3c&dl=1,https://le-malicieux.embedseek.com/#ttg3c
Reijoku no Yakata - 01 vostfr [1080p-HEVC][48fps][hstream.moe].mkv,https://asset.seekstreaming.info/7CzzdNoapDyMdVxoX_3hNg/qtd/6spnig6q/hvmp8m/poster.png,1920x1080,https://le-malicieux.embedseek.com/#pp1u9&dl=1,https://le-malicieux.embedseek.com/#pp1u9
Rasen Sokou no Dystopia - 02 vostfr [1080p-HEVC][48fps][hstream.moe].mkv,https://asset.seekstreaming.info/5KVi-cEfp1jRdCQgPEvlHg/qtd/6spnig6q/bjwmuc/poster.png,1920x1080,https://le-malicieux.embedseek.com/#ggzb6&dl=1,https://le-malicieux.embedseek.com/#ggzb6
Rasen Sokou no Dystopia - 01 vostfr [1080p-HEVC][48fps][hstream.moe].mkv,https://asset.seekstreaming.info/912CdzmWY06hCtk1Vuqryg/nc9/6spnig6q/ngkqf1/poster.png,1920x1080,https://le-malicieux.embedseek.com/#lludf&dl=1,https://le-malicieux.embedseek.com/#lludf
Pet Life - 01 vostfr [1080p-HEVC][48fps][hstream.moe].mkv,https://asset.seekstreaming.info/unRnocCqR311DorOSwkkzw/nc9/6spnig6q/j6u8yz/poster.png,1920x1080,https://le-malicieux.embedseek.com/#uumcl&dl=1,https://le-malicieux.embedseek.com/#uumcl
Pandra The Animation Shiroki Yokubou Kuro no Kibou - 02 vostfr [1080p-HEVC][hstream.moe].mkv,https://asset.seekstreaming.info/_PU5xF8KB-n-KmyZVwkN4w/nc9/6spnig6q/lziktj/poster.png,1920x1080,https://le-malicieux.embedseek.com/#559xy&dl=1,https://le-malicieux.embedseek.com/#559xy
Paizuri Cheerleader vs. Sakunyuu Ouendan! - 01 vostfr [1080p-HEVC][48fps][hstream.moe].mkv,https://asset.seekstreaming.info/NSXKwdXYIXSiR6lX4_FUaw/nc9/6spnig6q/dxlnz8/poster.png,1920x1080,https://le-malicieux.embedseek.com/#88tqm&dl=1,https://le-malicieux.embedseek.com/#88tqm
Pandra The Animation Shiroki Yokubou Kuro no Kibou - 01 vostfr [1080p-HEVC][hstream.moe].mkv,https://asset.seekstreaming.info/hnp_0OHcSAS5Zz0aOgH6vg/nc9/6spnig6q/3sn5g5/poster.png,1920x1080,https://le-malicieux.embedseek.com/#ssoiy&dl=1,https://le-malicieux.embedseek.com/#ssoiy
Overflow 08 vostfr.mkv,https://asset.seekstreaming.info/60Rz1kRrC1v_ZqvokJNx4w/nc9/6spnig6q/m816of/poster.png,1920x1080,https://le-malicieux.embedseek.com/#ccj5v&dl=1,https://le-malicieux.embedseek.com/#ccj5v
Overflow 07 vostfr.mkv,https://asset.seekstreaming.info/F1z6QIhQHDjSWPdpD07Npw/nc9/6spnig6q/hvmpqx/poster.png,1920x1080,https://le-malicieux.embedseek.com/#wwdoi&dl=1,https://le-malicieux.embedseek.com/#wwdoi
Overflow 06 vostfr.mkv,https://asset.seekstreaming.info/dQvcKjlXPTTGocBoJ0O-6g/nc9/6spnig6q/pw69cz/poster.png,1920x1080,https://le-malicieux.embedseek.com/#kkarb&dl=1,https://le-malicieux.embedseek.com/#kkarb
Overflow 05 vostfr.mkv,https://asset.seekstreaming.info/IV_qaXoAL8B6VCose94U1A/nc9/6spnig6q/8ed3be/poster.png,1920x1080,https://le-malicieux.embedseek.com/#bbvaf&dl=1,https://le-malicieux.embedseek.com/#bbvaf
Overflow 04 vostfr.mkv,https://asset.seekstreaming.info/5Aj_-8Yy1rTQHVXAOokptw/qtd/6spnig6q/5lqa6s/poster.png,1920x1080,https://le-malicieux.embedseek.com/#ii68b&dl=1,https://le-malicieux.embedseek.com/#ii68b
Overflow 03 vostfr.mkv,https://asset.seekstreaming.info/wCNB5cUh0xESmAHtu504kA/nc9/6spnig6q/m816on/poster.png,1920x1080,https://le-malicieux.embedseek.com/#jjy9y&dl=1,https://le-malicieux.embedseek.com/#jjy9y
Overflow 02 vostfr.mkv,https://asset.seekstreaming.info/6Jn4CfIJL-QpnB3l_vWScA/qtd/6spnig6q/qiocyb/poster.png,1920x1080,https://le-malicieux.embedseek.com/#oof61&dl=1,https://le-malicieux.embedseek.com/#oof61
Overflow 01 vostfr.mkv,https://asset.seekstreaming.info/yQkvH5-BZRlDSEgDXUXyDw/qtd/6spnig6q/ngkq1z/poster.png,1920x1080,https://le-malicieux.embedseek.com/#hhplu&dl=1,https://le-malicieux.embedseek.com/#hhplu
Oppai Infinity∞! The Animation 01 vostfr.mkv,https://asset.seekstreaming.info/lJ94SvqPlFvBCMLxXPHa1A/nc9/6spnig6q/j6u8fw/poster.png,1920x1080,https://le-malicieux.embedseek.com/#33bkt&dl=1,https://le-malicieux.embedseek.com/#33bkt
Onna Kyoushi - 01 vostfr [1080p-HEVC][48fps][hstream.moe].mkv,https://asset.seekstreaming.info/RJ6c7MtQH-aC1nxrppek7A/nc9/6spnig6q/hvmpqd/poster.png,1440x1080,https://le-malicieux.embedseek.com/#11kmz&dl=1,https://le-malicieux.embedseek.com/#11kmz
Ojousama wa H ga Osuki The Animation - 02 vostfr [1080p-HEVC][48fps][hstream.moe].mkv,https://asset.seekstreaming.info/xeorZ4Vgd1YniAUmux54JQ/nc9/6spnig6q/xqzgue/poster.png,1920x1080,https://le-malicieux.embedseek.com/#ii68h&dl=1,https://le-malicieux.embedseek.com/#ii68h
Okusama wa Joshikousei 01 vostfr.mkv,https://asset.seekstreaming.info/dqRAlsvlHFJqSHsPEI7C2g/nc9/6spnig6q/itbhns/poster.png,640x480,https://le-malicieux.embedseek.com/#88tz8&dl=1,https://le-malicieux.embedseek.com/#88tz8
Ojousama wa H ga Osuki The Animation - 01 vostfr [1080p-HEVC][48fps][hstream.moe].mkv,https://asset.seekstreaming.info/_Ot-WFFEogb2Byuwp2ij1w/nc9/6spnig6q/3sn5x3/poster.png,1920x1080,https://le-malicieux.embedseek.com/#559dl&dl=1,https://le-malicieux.embedseek.com/#559dl
Nuki Doki! Tenshi to Akuma no Sakusei Battle - Revolution - 04 vostfr [1080p-HEVC][48fps][hstream.moe].mkv,https://asset.seekstreaming.info/4l_vFLvaY5kkWQ6dogcfwA/nc9/6spnig6q/pw698w/poster.png,1920x1080,https://le-malicieux.embedseek.com/#aae33&dl=1,https://le-malicieux.embedseek.com/#aae33
Nuki Doki! Tenshi to Akuma no Sakusei Battle - Revolution - 03 vostfr [1080p-HEVC][48fps][hstream.moe].mkv,https://asset.seekstreaming.info/rLjdoWgJ0Z367ui0V1Fjmg/nc9/6spnig6q/8ed3yi/poster.png,1920x1080,https://le-malicieux.embedseek.com/#ggz69&dl=1,https://le-malicieux.embedseek.com/#ggz69
Nuki Doki! Tenshi to Akuma no Sakusei Battle - Revolution - 02 vostfr [1080p-HEVC][48fps][hstream.moe].mkv,https://asset.seekstreaming.info/OEob_pBH4VxLkQWld8ZWYQ/qtd/6spnig6q/qiocfy/poster.png,1920x1080,https://le-malicieux.embedseek.com/#99wci&dl=1,https://le-malicieux.embedseek.com/#99wci
Nuki Doki! Tenshi to Akuma no Sakusei Battle - Revolution - 01 vostfr [1080p-HEVC][48fps][hstream.moe].mkv,https://asset.seekstreaming.info/dlvrEdS4Bg29k0xImmiafQ/qtd/6spnig6q/63yedd/poster.png,1920x1080,https://le-malicieux.embedseek.com/#llury&dl=1,https://le-malicieux.embedseek.com/#llury
Nerawareta Megami Tenshi Angeltia Mamotta Ningen-tachi ni Uragirarete - 04 vostfr [1080p-HEVC][48fps][hstream.moe].mkv,https://asset.seekstreaming.info/tqzg01XtVtqQcXCe1bf9VQ/nc9/6spnig6q/ngkqwa/poster.png,1920x1080,https://le-malicieux.embedseek.com/#xxsfj&dl=1,https://le-malicieux.embedseek.com/#xxsfj
Netorare Tanabe Yuuka no Dokuhaku 01 vostfr.mkv,https://asset.seekstreaming.info/D1g4ykJSvonT6jIjogcazA/nc9/6spnig6q/j6u8zv/poster.png,1920x1080,https://le-malicieux.embedseek.com/#ccjln&dl=1,https://le-malicieux.embedseek.com/#ccjln
Nerawareta Megami Tenshi Angeltia Mamotta Ningen-tachi ni Uragirarete - 02 vostfr [1080p-HEVC][48fps][hstream.moe].mkv,https://asset.seekstreaming.info/g7E5x6ORnQfzTKAARdzfsw/qtd/6spnig6q/hvmpnu/poster.png,1920x1080,https://le-malicieux.embedseek.com/#wwdj5&dl=1,https://le-malicieux.embedseek.com/#wwdj5
Nerawareta Megami Tenshi Angeltia Mamotta Ningen-tachi ni Uragirarete - 03 vostfr [1080p-HEVC][48fps][hstream.moe].mkv,https://asset.seekstreaming.info/31D4AVoeJJldtPQsybPDsw/qtd/6spnig6q/lzik8d/poster.png,1920x1080,https://le-malicieux.embedseek.com/#kkaqb&dl=1,https://le-malicieux.embedseek.com/#kkaqb
Nerawareta Megami Tenshi Angeltia Mamotta Ningen-tachi ni Uragirarete - 01 vostfr [1080p-HEVC][48fps][hstream.moe].mkv,https://asset.seekstreaming.info/ZtcoFOhB0g4D8ZfbMhIYnA/qtd/6spnig6q/xqzg96/poster.png,1920x1080,https://le-malicieux.embedseek.com/#bbvty&dl=1,https://le-malicieux.embedseek.com/#bbvty
Mizugi Kanojo The Animation - 04 vostfr [1080p-HEVC][48fps][hstream.moe].mkv,https://asset.seekstreaming.info/u760lbi4VvdPqV8EXFk1eg/qtd/6spnig6q/saglni/poster.png,1920x1080,https://le-malicieux.embedseek.com/#ii6x6&dl=1,https://le-malicieux.embedseek.com/#ii6x6
Namaiki Kissui-sou e Youkoso! The Animation - 01 vostfr [1080p-HEVC][hstream.moe].mkv,https://asset.seekstreaming.info/qCTtkw_D9B971caU9LTT3g/qtd/6spnig6q/hvmprf/poster.png,1920x1080,https://le-malicieux.embedseek.com/#oof9v&dl=1,https://le-malicieux.embedseek.com/#oof9v
Momoiro Milk 02 vostfr.mkv,https://asset.seekstreaming.info/2wTjJB7HfdaYbSaCxz6DEQ/qtd/6spnig6q/itbhoa/poster.png,1920x1080,https://le-malicieux.embedseek.com/#nnxoz&dl=1,https://le-malicieux.embedseek.com/#nnxoz
Momoiro Milk 01 vostfr.mkv,https://asset.seekstreaming.info/dntDXEm65uC3KzNmcpG01w/qtd/6spnig6q/v98wmk/poster.png,1920x1080,https://le-malicieux.embedseek.com/#33b8s&dl=1,https://le-malicieux.embedseek.com/#33b8s
Mizugi Kanojo The Animation - 03 vostfr [1080p-HEVC][48fps][hstream.moe].mkv,https://asset.seekstreaming.info/klhGK6HiZ8KQVBOCgfPEVg/qtd/6spnig6q/bjwmpn/poster.png,1920x1080,https://le-malicieux.embedseek.com/#11kef&dl=1,https://le-malicieux.embedseek.com/#11kef
Mizugi Kanojo The Animation - 02 vostfr [1080p-HEVC][48fps][hstream.moe].mkv,https://asset.seekstreaming.info/1ECALvbmMu-fTmXQb_q9TA/qtd/6spnig6q/xqzgld/poster.png,1920x1080,https://le-malicieux.embedseek.com/#ii6di&dl=1,https://le-malicieux.embedseek.com/#ii6di
Mizugi Kanojo The Animation - 01 vostfr [1080p-HEVC][48fps][hstream.moe].mkv,https://asset.seekstreaming.info/SWyBqyID3v1HADjSxTQtYg/qtd/6spnig6q/pw69nm/poster.png,1920x1080,https://le-malicieux.embedseek.com/#aaeii&dl=1,https://le-malicieux.embedseek.com/#aaeii
Mesu Kyoushi Injoku no Kyoushitsu - 03 vostfr [1080p-HEVC][48fps][hstream.moe].mkv,https://asset.seekstreaming.info/Jth4HY0YQh-hOqCiVqT2ww/qtd/6spnig6q/obpr3r/poster.png,1920x1080,https://le-malicieux.embedseek.com/#lluq1&dl=1,https://le-malicieux.embedseek.com/#lluq1
Mesu Nochi Torare - 02 vostfr [1080p-HEVC][48fps][hstream.moe].mkv,https://asset.seekstreaming.info/9spPE7XCe4-UamaLi07OPA/qtd/6spnig6q/itbhk5/poster.png,1920x1080,https://le-malicieux.embedseek.com/#uum38&dl=1,https://le-malicieux.embedseek.com/#uum38
Mesu Nochi Torare - 01 vostfr [1080p-HEVC][48fps][hstream.moe].mkv,https://asset.seekstreaming.info/OO7dSUWu59MaFb2h67XUWQ/qtd/6spnig6q/v98wbl/poster.png,1920x1080,https://le-malicieux.embedseek.com/#559rv&dl=1,https://le-malicieux.embedseek.com/#559rv
Mesu Kyoushi Injoku no Kyoushitsu - 02 vostfr [1080p-HEVC][48fps][hstream.moe].mkv,https://asset.seekstreaming.info/jRuOr8Ll_ZPzpGpUjrVIkA/qtd/6spnig6q/gcfilq/poster.png,1920x1080,https://le-malicieux.embedseek.com/#ssolz&dl=1,https://le-malicieux.embedseek.com/#ssolz
Mesu Kyoushi Injoku no Kyoushitsu - 01 vostfr [1080p-HEVC][48fps][hstream.moe].mkv,https://asset.seekstreaming.info/ZXY2TtGJwhR4giurMve_0Q/qtd/6spnig6q/63ye99/poster.png,1920x1080,https://le-malicieux.embedseek.com/#ccjkw&dl=1,https://le-malicieux.embedseek.com/#ccjkw
Marriage Blue Konyakusha ga Iru no ni, Doushite Konna Otoko ni...... - 01 vostfr [1080p-HEVC][hstream.moe].mkv,https://asset.seekstreaming.info/Ty7xGixcjqiXJ0hGnOdSEg/qtd/6spnig6q/lziknk/poster.png,1920x1080,https://le-malicieux.embedseek.com/#kkaz6&dl=1,https://le-malicieux.embedseek.com/#kkaz6
Mankitsu Happening - 04 vostfr [1080p-HEVC][48fps][hstream.moe].mkv,https://asset.seekstreaming.info/U9pkUP2_PUYNXrrbgUJTOA/qtd/6spnig6q/obpr8o/poster.png,1920x1080,https://le-malicieux.embedseek.com/#kkaz9&dl=1,https://le-malicieux.embedseek.com/#kkaz9
Mankitsu Happening - 03 vostfr [1080p][48fps][hstream.moe].mkv,https://asset.seekstreaming.info/bFhYbeJ--OuZnKvMSCCNTw/qtd/6spnig6q/xqzghb/poster.png,1920x1080,https://le-malicieux.embedseek.com/#bbvs1&dl=1,https://le-malicieux.embedseek.com/#bbvs1
Mankitsu Happening - 02 vostfr [1080p-HEVC][48fps][hstream.moe].mkv,https://asset.seekstreaming.info/OViNDRTzKsfi9d8pzD5jGA/qtd/6spnig6q/e5xskv/poster.png,1920x1080,https://le-malicieux.embedseek.com/#jjyav&dl=1,https://le-malicieux.embedseek.com/#jjyav
Mankitsu Happening - 01 vostfr [1080p-HEVC][48fps][hstream.moe].mkv,https://asset.seekstreaming.info/u2IYE2xE-8H059gbeDroIA/qtd/6spnig6q/63yelc/poster.png,1920x1080,https://le-malicieux.embedseek.com/#oofun&dl=1,https://le-malicieux.embedseek.com/#oofun
Mama Puri! - 02 vostfr [1080p-HEVC][48fps][hstream.moe].mkv,https://asset.seekstreaming.info/qQUmpimdAXPGIu55jlFfgA/qtd/6spnig6q/gcfipj/poster.png,1920x1080,https://le-malicieux.embedseek.com/#nnxjf&dl=1,https://le-malicieux.embedseek.com/#nnxjf
Mama Puri! - 01 vostfr [1080p-HEVC][48fps][hstream.moe].mkv,https://asset.seekstreaming.info/JIK6fFMT-luWsIYagxku3A/qtd/6spnig6q/pw69d3/poster.png,1920x1080,https://le-malicieux.embedseek.com/#33bxc&dl=1,https://le-malicieux.embedseek.com/#33bxc
Mama Katsu Midareru Mama-tachi no Himitsu - 02 vostfr [1080p-HEVC][48fps][hstream.moe].mkv,https://asset.seekstreaming.info/7rjtcC51ErniFdN3iyt0eA/qtd/6spnig6q/8ed3ab/poster.png,1920x1080,https://le-malicieux.embedseek.com/#11ko1&dl=1,https://le-malicieux.embedseek.com/#11ko1
Majuu Jouka Shoujo Utea - 01 vostfr [1080p-HEVC][48fps][hstream.moe].mkv,https://asset.seekstreaming.info/a--TwrX6ULdEOo44wWsCsQ/qtd/6spnig6q/5lqafm/poster.png,1920x1080,https://le-malicieux.embedseek.com/#88tyd&dl=1,https://le-malicieux.embedseek.com/#88tyd
Mama Katsu Midareru Mama-tachi no Himitsu - 01 vostfr [1080p-HEVC][48fps][hstream.moe].mkv,https://asset.seekstreaming.info/fCwGFvdejeNVetORcWv1HA/qtd/6spnig6q/m816s9/poster.png,1920x1080,https://le-malicieux.embedseek.com/#559q8&dl=1,https://le-malicieux.embedseek.com/#559q8
Majo wa Kekkyoku Sono Kyaku to The Animation - 02 vostfr [1080p-HEVC][48fps][hstream.moe].mkv,https://asset.seekstreaming.info/UiWWokPGBmVwZSNXCtsinw/nc9/6spnig6q/uysdqc/poster.png,1920x1080,https://le-malicieux.embedseek.com/#vv8je&dl=1,https://le-malicieux.embedseek.com/#vv8je
Majo wa Kekkyoku Sono Kyaku to The Animation - 01 vostfr [1080p-HEVC][48fps][hstream.moe].mkv,https://asset.seekstreaming.info/HJyOYcxHAh2ctuULg3YyeA/nc9/6spnig6q/63yell/poster.png,1920x1080,https://le-malicieux.embedseek.com/#ttgli&dl=1,https://le-malicieux.embedseek.com/#ttgli
Maid Ane - 02 vostfr [1080p-HEVC][48fps][hstream.moe].mkv,https://asset.seekstreaming.info/3RucEpxvbp2UUBTIVy_4gQ/qtd/6spnig6q/itbhlx/poster.png,1920x1080,https://le-malicieux.embedseek.com/#ggzua&dl=1,https://le-malicieux.embedseek.com/#ggzua
Maid Ane - 01 vostfr [1080p-HEVC][48fps][hstream.moe].mkv,https://asset.seekstreaming.info/NnFrZ1THb7oNEeMzbwaGwg/qtd/6spnig6q/91eure/poster.png,1920x1080,https://le-malicieux.embedseek.com/#mmr6u&dl=1,https://le-malicieux.embedseek.com/#mmr6u
Machi Gurumi no Wana Hakudaku ni Mamireta Shitai - 02 vostfr [1080p-HEVC][48fps][hstream.moe][v2].mkv,https://asset.seekstreaming.info/YXTYLZ_GxQfCHIp1MoCI1A/qtd/6spnig6q/3sn5wr/poster.png,1920x1080,https://le-malicieux.embedseek.com/#99w3l&dl=1,https://le-malicieux.embedseek.com/#99w3l
Machi Gurumi no Wana Hakudaku ni Mamireta Shitai - 01 vostfr [1080p-HEVC][48fps][hstream.moe][v2].mkv,https://asset.seekstreaming.info/9ZOUcJTFb3e6LtIww2eBxw/qtd/6spnig6q/kfhon6/poster.png,1920x1080,https://le-malicieux.embedseek.com/#lluzv&dl=1,https://le-malicieux.embedseek.com/#lluzv
Love Selection The Animation - 02 vostfr [1080p-HEVC][48fps][hstream.moe].mkv,https://asset.seekstreaming.info/poSegnueS1RIg67PUIfTKQ/nc9/6spnig6q/pw69oy/poster.png,1920x1080,https://le-malicieux.embedseek.com/#uumix&dl=1,https://le-malicieux.embedseek.com/#uumix
Love Selection The Animation - 01 vostfr [1080p-HEVC][48fps][hstream.moe].mkv,https://asset.seekstreaming.info/vzEBXQRSdHSkyDjrZ1COeA/nc9/6spnig6q/m816ht/poster.png,1920x1080,https://le-malicieux.embedseek.com/#559qn&dl=1,https://le-malicieux.embedseek.com/#559qn
Love 2 Quad - 01 vostfr [1080p-HEVC][48fps][hstream.moe][v3].mkv,https://asset.seekstreaming.info/1aaEIn9jCHBt6E22bzIl_w/qtd/6spnig6q/tpjvz9/poster.png,1920x1080,https://le-malicieux.embedseek.com/#ssokf&dl=1,https://le-malicieux.embedseek.com/#ssokf
Love 2 Quad - 03 vostfr [1080p-HEVC][48fps][hstream.moe][v3].mkv,https://asset.seekstreaming.info/jwZwd4EvFZjqflvmAELGyA/qtd/6spnig6q/e5xs95/poster.png,1920x1080,https://le-malicieux.embedseek.com/#88tyo&dl=1,https://le-malicieux.embedseek.com/#88tyo
Love 2 Quad - 02 vostfr [1080p-HEVC][48fps][hstream.moe][v3].mkv,https://asset.seekstreaming.info/hlkGHzLvSOZLtz9axUQi8w/nc9/6spnig6q/bjwmiu/poster.png,1920x1080,https://le-malicieux.embedseek.com/#xxs1b&dl=1,https://le-malicieux.embedseek.com/#xxs1b
Last Waltz Hakudaku Mamire no Natsu Gasshuku 02 vostfr.mkv,https://asset.seekstreaming.info/7bgxKkdtXf3d9DxT7EUfBA/nc9/6spnig6q/5lqa1x/poster.png,1920x1080,https://le-malicieux.embedseek.com/#ccj8m&dl=1,https://le-malicieux.embedseek.com/#ccj8m
Kyonyuu Fantasy - 02 vostfr [1080p-HEVC][48fps][hstream.moe].mkv,https://asset.seekstreaming.info/vkFbvPZsOlLwz-NmliMNqA/nc9/6spnig6q/m816hl/poster.png,1920x1080,https://le-malicieux.embedseek.com/#wwdbk&dl=1,https://le-malicieux.embedseek.com/#wwdbk
Last Waltz Hakudaku Mamire no Natsu Gasshuku 01 vostfr.mkv,https://asset.seekstreaming.info/LDciwCAg4v2nm5asNTRyEg/nc9/6spnig6q/qioc5v/poster.png,1920x1080,https://le-malicieux.embedseek.com/#kkaf9&dl=1,https://le-malicieux.embedseek.com/#kkaf9
Kyonyuu Fantasy - 01 vostfr [1080p-HEVC][48fps][hstream.moe].mkv,https://asset.seekstreaming.info/ZuRz9JHTteT7hW15_30ePw/nc9/6spnig6q/chrta5/poster.png,1920x1080,https://le-malicieux.embedseek.com/#kkafu&dl=1,https://le-malicieux.embedseek.com/#kkafu
Kuroinu Kedakaki Seijo wa Hakudaku ni Somaru - 06 vostfr [1080p-HEVC][48fps][hstream.moe][v2].mkv,https://asset.seekstreaming.info/gYeiOnHJXs7cnFTOPxx48g/nc9/6spnig6q/xqzgif/poster.png,1920x1080,https://le-malicieux.embedseek.com/#66nhw&dl=1,https://le-malicieux.embedseek.com/#66nhw
Kuroinu Kedakaki Seijo wa Hakudaku ni Somaru - 04 vostfr [1080p-HEVC][48fps][hstream.moe].mkv,https://asset.seekstreaming.info/FI1XM4QRthhEHtbNiwkt6Q/qtd/6spnig6q/saglkb/poster.png,1920x1080,https://le-malicieux.embedseek.com/#hhpxu&dl=1,https://le-malicieux.embedseek.com/#hhpxu
Kuroinu Kedakaki Seijo wa Hakudaku ni Somaru - 05 vostfr [1080p-HEVC][48fps][hstream.moe][v2].mkv,https://asset.seekstreaming.info/hKYh3R3NCZYFO7u0c9s0Zg/qtd/6spnig6q/m816e3/poster.png,1920x1080,https://le-malicieux.embedseek.com/#nnxpy&dl=1,https://le-malicieux.embedseek.com/#nnxpy
Kuroinu Kedakaki Seijo wa Hakudaku ni Somaru - 03 vostfr [1080p-HEVC][48fps][hstream.moe].mkv,https://asset.seekstreaming.info/bMagOIdEi8MLeAE4hdqIWA/nc9/6spnig6q/63yesq/poster.png,1920x1080,https://le-malicieux.embedseek.com/#11kjv&dl=1,https://le-malicieux.embedseek.com/#11kjv
Kuroinu Kedakaki Seijo wa Hakudaku ni Somaru - 02 vostfr [1080p-HEVC][48fps][hstream.moe].mkv,https://asset.seekstreaming.info/FgucMHUI1BApB-2bKtutvg/nc9/6spnig6q/gcfihr/poster.png,1920x1080,https://le-malicieux.embedseek.com/#88t1r&dl=1,https://le-malicieux.embedseek.com/#88t1r
Kuroinu II The Animation - 01 vostfr [1080p-HEVC][48fps][hstream.moe][v2].mkv,https://asset.seekstreaming.info/Vvum15L6qdaoccUqLTt-ZQ/qtd/6spnig6q/qioct5/poster.png,1920x1080,https://le-malicieux.embedseek.com/#ttgk5&dl=1,https://le-malicieux.embedseek.com/#ttgk5
Kuroinu Kedakaki Seijo wa Hakudaku ni Somaru - 01 vostfr [1080p-HEVC][48fps][hstream.moe].mkv,https://asset.seekstreaming.info/cTjv8YcpTXfdtHF-AbTRew/nc9/6spnig6q/63yess/poster.png,1920x1080,https://le-malicieux.embedseek.com/#pp1cs&dl=1,https://le-malicieux.embedseek.com/#pp1cs
Kuraibito - 01 vostfr [1080p-HEVC][48fps][hstream.moe][v2].mkv,https://asset.seekstreaming.info/PQ9NB275MM1QV87Ub1uBcw/nc9/6spnig6q/uysdrj/poster.png,1920x1080,https://le-malicieux.embedseek.com/#llufn&dl=1,https://le-malicieux.embedseek.com/#llufn
Kojin Jugyou The Animation - 02 vostfr [1080p-HEVC][48fps][hstream.moe].mkv,https://asset.seekstreaming.info/JZnimO8sILUEcel1agHy-g/nc9/6spnig6q/chrttc/poster.png,1920x1080,https://le-malicieux.embedseek.com/#uum5d&dl=1,https://le-malicieux.embedseek.com/#uum5d
Kojin Jugyou The Animation - 01 vostfr [1080p-HEVC][48fps][hstream.moe].mkv,https://asset.seekstreaming.info/oEV6NYKoh5XWMomb8dv6RQ/nc9/6spnig6q/hvmppi/poster.png,1920x1080,https://le-malicieux.embedseek.com/#559zw&dl=1,https://le-malicieux.embedseek.com/#559zw
Kiriya Hakushakuke no Roku Shimai - 02 vostfr [1080p-HEVC][48fps][hstream.moe].mkv,https://asset.seekstreaming.info/0pBg8UCQJ31Q7JOGEcq9Nw/nc9/6spnig6q/itbhhf/poster.png,1920x1080,https://le-malicieux.embedseek.com/#eequl&dl=1,https://le-malicieux.embedseek.com/#eequl
Kiriya Hakushakuke no Roku Shimai - 01 vostfr [1080p-HEVC][48fps][hstream.moe].mkv,https://asset.seekstreaming.info/v9KeJyy2Chay2bHaTYj2YA/qtd/6spnig6q/pw699z/poster.png,1920x1080,https://le-malicieux.embedseek.com/#sso8w&dl=1,https://le-malicieux.embedseek.com/#sso8w
Kimi wa Yasashiku Netorareru The Animation - 06 vostfr [1080p-HEVC][48fps][hstream.moe].mkv,https://asset.seekstreaming.info/cyAviDlzeDiv-o2KtNHJ6A/qtd/6spnig6q/e5xssc/poster.png,1920x1080,https://le-malicieux.embedseek.com/#ccjxe&dl=1,https://le-malicieux.embedseek.com/#ccjxe
Kimi wa Yasashiku Netorareru The Animation - 05 vostfr [1080p-HEVC][48fps][hstream.moe].mkv,https://asset.seekstreaming.info/PUsQDGbMuiGzbFqJ7rqpKw/qtd/6spnig6q/v98wwi/poster.png,1920x1080,https://le-malicieux.embedseek.com/#wwd68&dl=1,https://le-malicieux.embedseek.com/#wwd68
Kimi wa Yasashiku Netorareru The Animation - 04 vostfr [1080p-HEVC][48fps][hstream.moe].mkv,https://asset.seekstreaming.info/SDJhkVW2zYrZz0a7YyMl1w/qtd/6spnig6q/pw699j/poster.png,1920x1080,https://le-malicieux.embedseek.com/#kkayu&dl=1,https://le-malicieux.embedseek.com/#kkayu
Kimi wa Yasashiku Netorareru The Animation - 03 vostfr [1080p-HEVC][48fps][hstream.moe].mkv,https://asset.seekstreaming.info/QkasYQ-64adOm-lA-Po1FQ/qtd/6spnig6q/8ed33z/poster.png,1920x1080,https://le-malicieux.embedseek.com/#kkaya&dl=1,https://le-malicieux.embedseek.com/#kkaya
Kimi wa Yasashiku Netorareru The Animation - 02 vostfr [1080p-HEVC][48fps][hstream.moe].mkv,https://asset.seekstreaming.info/QCEPlQzM7bqo2XWott5Ykw/qtd/6spnig6q/5lqaaf/poster.png,1920x1080,https://le-malicieux.embedseek.com/#bbvhn&dl=1,https://le-malicieux.embedseek.com/#bbvhn
Kimi wa Yasashiku Netorareru The Animation - 01 vostfr [1080p-HEVC][48fps][hstream.moe].mkv,https://asset.seekstreaming.info/SKF0tiCLCP-_1--iSM4msw/qtd/6spnig6q/m8166h/poster.png,1920x1080,https://le-malicieux.embedseek.com/#66n3m&dl=1,https://le-malicieux.embedseek.com/#66n3m
Kansen Inyoku no Rensa - 02 vostfr [1080p-HEVC][48fps][hstream.moe][v2].mkv,https://asset.seekstreaming.info/VCytkZ7E1F713rZUkgNE0g/qtd/6spnig6q/ng9nnn/poster.png,1920x1080,https://le-malicieux.embedseek.com/#jjysw&dl=1,https://le-malicieux.embedseek.com/#jjysw
Kansen Inyoku no Rensa - 01 vostfr [1080p-HEVC][48fps][hstream.moe][v2].mkv,https://asset.seekstreaming.info/l_qOO4NFa3QSldLrk4j3Xg/qtd/6spnig6q/xqwxxw/poster.png,1920x1080,https://le-malicieux.embedseek.com/#nnxb1&dl=1,https://le-malicieux.embedseek.com/#nnxb1
Kansen 3 Shuto Houkai - 02 vostfr [1080p-HEVC][48fps][hstream.moe][v2].mkv,https://asset.seekstreaming.info/gzBBm7pfjjwOlrrbcPrrMw/qtd/6spnig6q/dxpdds/poster.png,1920x1080,https://le-malicieux.embedseek.com/#hhprh&dl=1,https://le-malicieux.embedseek.com/#hhprh
Kansen 2 Inzai Toshi - 02 vostfr [1080p-HEVC][48fps][hstream.moe][v2].mkv,https://asset.seekstreaming.info/NXz9Ylrt2zW3TAMTrlDPqA/qtd/6spnig6q/kfekkb/poster.png,1920x1080,https://le-malicieux.embedseek.com/#11kpn&dl=1,https://le-malicieux.embedseek.com/#11kpn
Kansen 3 Shuto Houkai - 01 vostfr [1080p-HEVC][48fps][hstream.moe][v2].mkv,https://asset.seekstreaming.info/VRM4qpcEbtcSDmSlu4TNMQ/qtd/6spnig6q/rmlrrg/poster.png,1920x1080,https://le-malicieux.embedseek.com/#ii6zk&dl=1,https://le-malicieux.embedseek.com/#ii6zk
Kansen 2 Inzai Toshi - 01 vostfr [1080p-HEVC][48fps][hstream.moe][v2].mkv,https://asset.seekstreaming.info/JTMbzuwx1UlUiMfnKG2EKQ/qtd/6spnig6q/m8zmmq/poster.png,1920x1080,https://le-malicieux.embedseek.com/#559fd&dl=1,https://le-malicieux.embedseek.com/#559fd
Kanojo ga Mimai ni Konai Wake - 03 vostfr [1080p-HEVC][hstream.moe].mkv,https://asset.seekstreaming.info/6mhQnWwBEVp1qgEOE4QDOg/qtd/6spnig6q/tpntth/poster.png,1920x1080,https://le-malicieux.embedseek.com/#vv8bo&dl=1,https://le-malicieux.embedseek.com/#vv8bo
Kanojo ga Mimai ni Konai Wake - 01 vostfr [1080p-HEVC][hstream.moe].mkv,https://asset.seekstreaming.info/ptKqW0DVsp0j0_Kb6Bkwlg/qtd/6spnig6q/63f66r/poster.png,1920x1080,https://le-malicieux.embedseek.com/#ttg8l&dl=1,https://le-malicieux.embedseek.com/#ttg8l
Kanojo ga Mimai ni Konai Wake - 02 vostfr [1080p-HEVC][hstream.moe].mkv,https://asset.seekstreaming.info/PXbSzKr2EFXGCBpZa1fPDQ/qtd/6spnig6q/v9qvv6/poster.png,1920x1080,https://le-malicieux.embedseek.com/#pp1hc&dl=1,https://le-malicieux.embedseek.com/#pp1hc
Jutaijima - 02 vostfr [1080p-HEVC][hstream.moe].mkv,https://asset.seekstreaming.info/cIOztahBAlApio38v5zyGQ/nc9/6spnig6q/xqwxxh/poster.png,1920x1080,https://le-malicieux.embedseek.com/#ggzts&dl=1,https://le-malicieux.embedseek.com/#ggzts
Jutaijima - 01 vostfr [1080p-HEVC][hstream.moe].mkv,https://asset.seekstreaming.info/95AbqtgEv473rQpA5jlNuw/nc9/6spnig6q/5lj551/poster.png,1920x1080,https://le-malicieux.embedseek.com/#mmrut&dl=1,https://le-malicieux.embedseek.com/#mmrut
Junai Maniac 02 vostfr.mkv,https://asset.seekstreaming.info/scdZwQ3zXRT0HUc1ayWS-g/nc9/6spnig6q/m8zmme/poster.png,1920x1080,https://le-malicieux.embedseek.com/#99w58&dl=1,https://le-malicieux.embedseek.com/#99w58
Junai Maniac 01 vostfr.mkv,https://asset.seekstreaming.info/MaDiostEb4sdXKxXjijlSw/qtd/6spnig6q/qiuqqc/poster.png,1920x1080,https://le-malicieux.embedseek.com/#lluyw&dl=1,https://le-malicieux.embedseek.com/#lluyw
Joshi Luck - 06 vostfr [1080p-HEVC][48fps][hstream.moe].mkv,https://asset.seekstreaming.info/MHrkZkKZ-itBWmdT4s9tug/nc9/6spnig6q/63f6g6/poster.png,1920x1080,https://le-malicieux.embedseek.com/#uumlr&dl=1,https://le-malicieux.embedseek.com/#uumlr
Joshi Luck - 05 vostfr [1080p-HEVC][48fps][hstream.moe].mkv,https://asset.seekstreaming.info/Sj4CuXzaj4ZzTlL2GKicfw/nc9/6spnig6q/chdc8q/poster.png,1920x1080,https://le-malicieux.embedseek.com/#ssox1&dl=1,https://le-malicieux.embedseek.com/#ssox1
Joshi Luck - 04 vostfr [1080p-HEVC][48fps][hstream.moe].mkv,https://asset.seekstreaming.info/S7KbupJByyQSqoYlzpfe5g/nc9/6spnig6q/j6kjnd/poster.png,1920x1080,https://le-malicieux.embedseek.com/#88tvp&dl=1,https://le-malicieux.embedseek.com/#88tvp
Joshi Luck - 03 vostfr [1080p-HEVC][48fps][hstream.moe].mkv,https://asset.seekstreaming.info/dReBCYo6fy4__FMHDfQxWA/nc9/6spnig6q/lz6lpi/poster.png,1920x1080,https://le-malicieux.embedseek.com/#xxsn9&dl=1,https://le-malicieux.embedseek.com/#xxsn9
Joshi Luck - 02 vostfr [1080p-HEVC][48fps][hstream.moe].mkv,https://asset.seekstreaming.info/xXZ8wPBBl92e-XdQyYplTQ/nc9/6spnig6q/obsous/poster.png,1920x1080,https://le-malicieux.embedseek.com/#ssoxm&dl=1,https://le-malicieux.embedseek.com/#ssoxm
Joshi Luck - 01 vostfr [1080p-HEVC][48fps][hstream.moe].mkv,https://asset.seekstreaming.info/gomQpDQEHGneEpD-BjnKNA/nc9/6spnig6q/91i9lx/poster.png,1920x1080,https://le-malicieux.embedseek.com/#ccjdg&dl=1,https://le-malicieux.embedseek.com/#ccjdg
JK to Orc Heidan - 02 vostfr [1080p-HEVC][48fps][hstream.moe][v2].mkv,https://asset.seekstreaming.info/YESF6W7sbwdGYo1pJQCflg/nc9/6spnig6q/3sr3c9/poster.png,1920x1080,https://le-malicieux.embedseek.com/#wwd9x&dl=1,https://le-malicieux.embedseek.com/#wwd9x
JK to Orc Heidan - 01 vostfr [1080p-HEVC][48fps][hstream.moe][v2].mkv,https://asset.seekstreaming.info/25r8Y4h04bt-5UhJ1RMOCg/nc9/6spnig6q/rmlrdm/poster.png,1920x1080,https://le-malicieux.embedseek.com/#kka1a&dl=1,https://le-malicieux.embedseek.com/#kka1a
JK to Inkou Kyoushi 4 - 01 vostfr [1080p-AV1][48fps][hstream.moe].mkv,https://asset.seekstreaming.info/lHWu1193dSYTGfdAqTuUlw/nc9/6spnig6q/91i9pb/poster.png,1920x1080,https://le-malicieux.embedseek.com/#bbv3w&dl=1,https://le-malicieux.embedseek.com/#bbv3w
JK to Inkou Kyoushi 4 - 02 vostfr [1080p-AV1][48fps][hstream.moe].mkv,https://asset.seekstreaming.info/QMnJ74qpUsHrepC1piQxGQ/nc9/6spnig6q/pwgphv/poster.png,1920x1080,https://le-malicieux.embedseek.com/#ii6zt&dl=1,https://le-malicieux.embedseek.com/#ii6zt
JK to Ero Giin-Sensei 02 vostfr.mkv,https://asset.seekstreaming.info/0yn-hT4VGBGIAtZuskSxZg/nc9/6spnig6q/uyhulu/poster.png,1920x1080,https://le-malicieux.embedseek.com/#jjycm&dl=1,https://le-malicieux.embedseek.com/#jjycm
JK to Ero Giin-Sensei 01 vostfr.mkv,https://asset.seekstreaming.info/gqjK49SE9k98cJOp7pY6EQ/nc9/6spnig6q/ng9noo/poster.png,1920x1080,https://le-malicieux.embedseek.com/#hhprt&dl=1,https://le-malicieux.embedseek.com/#hhprt
JK Fuuzoku Gakuensai - 02 vostfr [1080p-HEVC][48fps][hstream.moe][v2].mkv,https://asset.seekstreaming.info/_LyK6IUkuKUYV3e3c2cbCQ/nc9/6spnig6q/j6kjdu/poster.png,1920x1080,https://le-malicieux.embedseek.com/#nnx9n&dl=1,https://le-malicieux.embedseek.com/#nnx9n
JK Fuuzoku Gakuensai - 01 vostfr [1080p-HEVC][48fps][hstream.moe][v2].mkv,https://asset.seekstreaming.info/mdLxgu86gSM37auDqNobLg/nc9/6spnig6q/obso9e/poster.png,1920x1080,https://le-malicieux.embedseek.com/#33bz5&dl=1,https://le-malicieux.embedseek.com/#33bz5
JK Bitch ni Shiboraretai - 01 vostfr [1080p-HEVC][48fps][hstream.moe].mkv,https://asset.seekstreaming.info/S3xrHHSbNqHxLVpp0jP0Ew/nc9/6spnig6q/3sr3qp/poster.png,1920x1080,https://le-malicieux.embedseek.com/#88tnz&dl=1,https://le-malicieux.embedseek.com/#88tnz
JK Bitch ni Shiboraretai - 02 vostfr [1080p-HEVC][48fps][hstream.moe].mkv,https://asset.seekstreaming.info/tMugf3u6xBF9LEiMATGaWw/nc9/6spnig6q/samsia/poster.png,1920x1080,https://le-malicieux.embedseek.com/#559yr&dl=1,https://le-malicieux.embedseek.com/#559yr
Itazura The Animation - 02 vostfr [1080p-HEVC][48fps][hstream.moe].mkv,https://asset.seekstreaming.info/HnIxD4Dw6WFK719_bIwP_g/nc9/6spnig6q/ityimd/poster.png,1440x1080,https://le-malicieux.embedseek.com/#vv86j&dl=1,https://le-malicieux.embedseek.com/#vv86j
Itazura The Animation - 01 vostfr [1080p-HEVC][48fps][hstream.moe].mkv,https://asset.seekstreaming.info/rr8yeW1NAHfc-BYgouueAg/nc9/6spnig6q/pwgpeo/poster.png,1440x1080,https://le-malicieux.embedseek.com/#ttgxk&dl=1,https://le-malicieux.embedseek.com/#ttgxk
Issho ni H Shiyo! - 06 vostfr [1080p-HEVC][48fps][hstream.moe].mkv,https://asset.seekstreaming.info/ar7Mwz0obS-lCdFezHR6NQ/nc9/6spnig6q/pwgpiu/poster.png,1920x1080,https://le-malicieux.embedseek.com/#aae88&dl=1,https://le-malicieux.embedseek.com/#aae88
Issho ni H Shiyo! - 05 vostfr [1080p-HEVC][48fps][hstream.moe].mkv,https://asset.seekstreaming.info/3cYeeis2S1QBeK1wUjdzsw/nc9/6spnig6q/uyhus9/poster.png,1920x1080,https://le-malicieux.embedseek.com/#mmras&dl=1,https://le-malicieux.embedseek.com/#mmras
Issho ni H Shiyo! - 04 vostfr [1080p-HEVC][48fps][hstream.moe].mkv,https://asset.seekstreaming.info/it8ykOInHQ_fPBW_0H5frg/nc9/6spnig6q/91i9e1/poster.png,1920x1080,https://le-malicieux.embedseek.com/#uumkq&dl=1,https://le-malicieux.embedseek.com/#uumkq
Issho ni H Shiyo! - 03 vostfr [1080p-HEVC][48fps][hstream.moe].mkv,https://asset.seekstreaming.info/Np1_YzRr9EUnlJPaX5X1UA/nc9/6spnig6q/samsg5/poster.png,1920x1080,https://le-malicieux.embedseek.com/#559ye&dl=1,https://le-malicieux.embedseek.com/#559ye
Issho ni H Shiyo! - 02 vostfr [1080p-HEVC][48fps][hstream.moe].mkv,https://asset.seekstreaming.info/peOcu3VqtL6FdySQUtorjQ/nc9/6spnig6q/rmlr9f/poster.png,1920x1080,https://le-malicieux.embedseek.com/#88tnb&dl=1,https://le-malicieux.embedseek.com/#88tnb
Issho ni H Shiyo! - 01 vostfr [1080p-HEVC][48fps][hstream.moe].mkv,https://asset.seekstreaming.info/DFe87xpKZ2BRq8kgH1Ooog/nc9/6spnig6q/pwgp63/poster.png,1920x1080,https://le-malicieux.embedseek.com/#eeqt8&dl=1,https://le-malicieux.embedseek.com/#eeqt8
Inyouchuu Shoku Roushokutou Taimaroku - Kanzenban 01 vostfr.mkv,https://asset.seekstreaming.info/jqVVM215VqSll8CqaFr0gg/unl/6spnig6q/tpntjm/poster.png,1920x1080,https://le-malicieux.embedseek.com/#ssode&dl=1,https://le-malicieux.embedseek.com/#ssode
Imouto Paradise! 2 - 02 vostfr [1080p-HEVC][48fps][hstream.moe][v2].mkv,https://asset.seekstreaming.info/_D_bmAQk8LGFu-4XD61c6Q/6sy/6spnig6q/bjaywi/poster.png,1920x1080,https://le-malicieux.embedseek.com/#33boy&dl=1,https://le-malicieux.embedseek.com/#33boy
Imouto Paradise! 2 - 01 vostfr [1080p-HEVC][48fps][hstream.moe][v2].mkv,https://asset.seekstreaming.info/keFy2vo9rbtqbuxv66Gcpw/6sy/6spnig6q/pwgs6u/poster.png,1920x1080,https://le-malicieux.embedseek.com/#11kiu&dl=1,https://le-malicieux.embedseek.com/#11kiu
Ikusa Otome Valkyrie 2 03 vostfr.mkv,https://asset.seekstreaming.info/uc0ucexyRUP4K7B-YMJFvg/6sy/6spnig6q/xqwbzg/poster.png,1280x720,https://le-malicieux.embedseek.com/#ii6jn&dl=1,https://le-malicieux.embedseek.com/#ii6jn
Ikusa_Otome_Valkyrie_Bonus_02_vostfr.mkv,https://asset.seekstreaming.info/r3Qa-YwTdpYAYnCxAotkww/unl/6spnig6q/63fgfb/poster.png,640x480,https://le-malicieux.embedseek.com/#vv85h&dl=1,https://le-malicieux.embedseek.com/#vv85h
Ikusa_Otome_Valkyrie_Bonus_01_vostfr.mkv,https://asset.seekstreaming.info/VDVVrXil6l1X3OGmJLFuQw/unl/6spnig6q/ng9r9k/poster.png,640x480,https://le-malicieux.embedseek.com/#ttgwv&dl=1,https://le-malicieux.embedseek.com/#ttgwv
Ikusa Otome Valkyrie 2 02 vostfr.mkv,https://asset.seekstreaming.info/SCBHwdtkrg7Z24OL6ScCdA/unl/6spnig6q/j6knk9/poster.png,1280x720,https://le-malicieux.embedseek.com/#pp1zq&dl=1,https://le-malicieux.embedseek.com/#pp1zq
Ikusa Otome Valkyrie 2 01 vostfr.mkv,https://asset.seekstreaming.info/kLos60N95_lhSbq_kSUkeg/unl/6spnig6q/xqwbw3/poster.png,1280x720,https://le-malicieux.embedseek.com/#aaenn&dl=1,https://le-malicieux.embedseek.com/#aaenn
Ikusa Otome Valkyrie 02 vostfr.mkv,https://asset.seekstreaming.info/2XkeYGo8ueUHqYOIz3mqnA/unl/6spnig6q/samhm5/poster.png,720x480,https://le-malicieux.embedseek.com/#ggzdr&dl=1,https://le-malicieux.embedseek.com/#ggzdr
Ikusa Otome Valkyrie 01 vostfr.mkv,https://asset.seekstreaming.info/Ny7ou0OgriFeoAN_cCCODw/unl/6spnig6q/rmldlf/poster.png,720x480,https://le-malicieux.embedseek.com/#mmr8d&dl=1,https://le-malicieux.embedseek.com/#mmr8d
I Can - 02 vostfr [1080p-HEVC][48fps][hstream.moe][v2].mkv,https://asset.seekstreaming.info/IsaV4za0ibjwweUl9iYoDw/unl/6spnig6q/m8zxzo/poster.png,1920x1080,https://le-malicieux.embedseek.com/#99w1w&dl=1,https://le-malicieux.embedseek.com/#99w1w
I Can - 01 vostfr [1080p-HEVC][48fps][hstream.moe][v2].mkv,https://asset.seekstreaming.info/nD8PoxAz5Sf0a0WwVBFokg/6sy/6spnig6q/v9q5qy/poster.png,1920x1080,https://le-malicieux.embedseek.com/#ssom6&dl=1,https://le-malicieux.embedseek.com/#ssom6
Houkago Nureta Seifuku - 03 vostfr [1080p-HEVC][48fps][hstream.moe].mkv,https://asset.seekstreaming.info/lW4cNC2IcuYM-uMD4LARUA/unl/6spnig6q/8eoqo3/poster.png,1920x1080,https://le-malicieux.embedseek.com/#eeqxn&dl=1,https://le-malicieux.embedseek.com/#eeqxn
Houkago Nureta Seifuku - 02 vostfr [1080p-HEVC][48fps][hstream.moe].mkv,https://asset.seekstreaming.info/_d2d2CrRkaVszkGafcEC-w/unl/6spnig6q/63fg1y/poster.png,1920x1080,https://le-malicieux.embedseek.com/#ccjgh&dl=1,https://le-malicieux.embedseek.com/#ccjgh
Houkago Nureta Seifuku - 01 vostfr [1080p-HEVC][48fps][hstream.moe].mkv,https://asset.seekstreaming.info/iWIG4X4hR8ehxPIA42-mcg/unl/6spnig6q/obsuhg/poster.png,1920x1080,https://le-malicieux.embedseek.com/#kka9d&dl=1,https://le-malicieux.embedseek.com/#kka9d
Honoo no Haramase Paidol My Star Gakuen Z The Animation - 01 vostfr [1080p-HEVC][48fps][hstream.moe].mkv,https://asset.seekstreaming.info/GE9pZlw97Uf5wS6x5r2Flg/unl/6spnig6q/ity6ft/poster.png,1920x1080,https://le-malicieux.embedseek.com/#kka9r&dl=1,https://le-malicieux.embedseek.com/#kka9r
Hontou ni Atta 02 vostfr.mkv,https://asset.seekstreaming.info/I6QqtBBAmOqFhmXfwceeyw/6sy/6spnig6q/3srcde/poster.png,1920x1080,https://le-malicieux.embedseek.com/#bbvyt&dl=1,https://le-malicieux.embedseek.com/#bbvyt
Hontou ni Atta 01 vostfr.mkv,https://asset.seekstreaming.info/zEzDWwkc5-MiWLMqyZIojg/6sy/6spnig6q/pwgsmc/poster.png,1920x1080,https://le-malicieux.embedseek.com/#66n1c&dl=1,https://le-malicieux.embedseek.com/#66n1c
Hitozuma Koukan Nikki - 02 vostfr [1080p-HEVC][hstream.moe].mkv,https://asset.seekstreaming.info/v_lMU9ifmaEuNLw85bX9qQ/6sy/6spnig6q/hvxebr/poster.png,1920x1080,https://le-malicieux.embedseek.com/#ii6pr&dl=1,https://le-malicieux.embedseek.com/#ii6pr
Hitozuma Koukan Nikki - 01 vostfr [1080p-HEVC][hstream.moe].mkv,https://asset.seekstreaming.info/JQCMzhz9dgneIPAMpjVU5Q/6sy/6spnig6q/e5biyo/poster.png,1920x1080,https://le-malicieux.embedseek.com/#jjyzs&dl=1,https://le-malicieux.embedseek.com/#jjyzs
Hitou Meguri Kakure Yu Mao-Hen - 02 vostfr [1080p-HEVC][48fps][hstream.moe].mkv,https://asset.seekstreaming.info/A0Cmx4i3EA8E8QaGo6uP1w/6sy/6spnig6q/ity6fk/poster.png,1920x1080,https://le-malicieux.embedseek.com/#hhpor&dl=1,https://le-malicieux.embedseek.com/#hhpor
Hitou Meguri Kakure Yu Mao-Hen - 01 vostfr [1080p-HEVC][48fps][hstream.moe].mkv,https://asset.seekstreaming.info/9DcChiayVe54Tl5wC5GG6g/6sy/6spnig6q/63fg1l/poster.png,1920x1080,https://le-malicieux.embedseek.com/#oofqc&dl=1,https://le-malicieux.embedseek.com/#oofqc
Hitou Meguri Kakure Yu 02 vostfr.mkv,https://asset.seekstreaming.info/-rChhu_PXIZOkX3YG2h3Hw/6sy/6spnig6q/bjayvg/poster.png,1920x1080,https://le-malicieux.embedseek.com/#nnxku&dl=1,https://le-malicieux.embedseek.com/#nnxku
Hitou Meguri Kakure Yu 01 vostfr.mkv,https://asset.seekstreaming.info/VEvjzJ27VbxC-rQocI7XXg/6sy/6spnig6q/xqwbvb/poster.png,1920x1080,https://le-malicieux.embedseek.com/#11k5a&dl=1,https://le-malicieux.embedseek.com/#11k5a
Hime-sama Gentei! - 02 vostfr [1080p-HEVC][48fps][hstream.moe].mkv,https://asset.seekstreaming.info/71nHI0AZwCx94gNBj_Tt1Q/6sy/6spnig6q/5ljtr3/poster.png,1920x1080,https://le-malicieux.embedseek.com/#ii6pw&dl=1,https://le-malicieux.embedseek.com/#ii6pw
Hime-sama Gentei! - 01 vostfr [1080p-HEVC][48fps][hstream.moe].mkv,https://asset.seekstreaming.info/LJSCRW5DebHMRHCSKrn63w/6sy/6spnig6q/m8zxay/poster.png,1920x1080,https://le-malicieux.embedseek.com/#88tuj&dl=1,https://le-malicieux.embedseek.com/#88tuj
HHH Triple Ecchi - 04 vostfr [1080p-HEVC][48fps][hstream.moe].mkv,https://asset.seekstreaming.info/IUC2j8vbFOpuHbGYgB6BfQ/unl/6spnig6q/chd8uu/poster.png,1920x1080,https://le-malicieux.embedseek.com/#vv8l3&dl=1,https://le-malicieux.embedseek.com/#vv8l3
HHH Triple Ecchi - 03 vostfr [1080p-HEVC][48fps][hstream.moe].mkv,https://asset.seekstreaming.info/_Xsr0VwSEamSl9eloRcYGg/unl/6spnig6q/j6knlp/poster.png,1920x1080,https://le-malicieux.embedseek.com/#ttgmn&dl=1,https://le-malicieux.embedseek.com/#ttgmn
HHH Triple Ecchi - 02 vostfr [1080p-HEVC][48fps][hstream.moe].mkv,https://asset.seekstreaming.info/GsOr0FrgAB03uTDIwO12cQ/meb/6spnig6q/lz6pmy/poster.png,1920x1080,https://le-malicieux.embedseek.com/#aaeww&dl=1,https://le-malicieux.embedseek.com/#aaeww
HHH Triple Ecchi - 01 vostfr [1080p-HEVC][48fps][hstream.moe].mkv,https://asset.seekstreaming.info/K29_1fW1SgbSgB47FQKNTg/meb/6spnig6q/xqwbv8/poster.png,1920x1080,https://le-malicieux.embedseek.com/#ggzrq&dl=1,https://le-malicieux.embedseek.com/#ggzrq
Helter Skelter Hakudaku no Mura - 04 vostfr [1080p-x265][48fps][hstream.moe][v2].mkv,https://asset.seekstreaming.info/KumHQLf6uTF7D5AaEP8wvA/unl/6spnig6q/3srcoi/poster.png,1920x1080,https://le-malicieux.embedseek.com/#llu6t&dl=1,https://le-malicieux.embedseek.com/#llu6t
Helter Skelter Hakudaku no Mura - 03 vostfr [1080p-x265][48fps][hstream.moe][v2].mkv,https://asset.seekstreaming.info/otBL51uL6nhnhyBQFE8_Sg/unl/6spnig6q/tpn3db/poster.png,1920x1080,https://le-malicieux.embedseek.com/#uumno&dl=1,https://le-malicieux.embedseek.com/#uumno
Helter Skelter Hakudaku no Mura - 02 vostfr [1080p-HEVC][48fps][hstream.moe].mkv,https://asset.seekstreaming.info/Cw7vsxUmkRyVdMkVeyBBdQ/unl/6spnig6q/gc1mwe/poster.png,1920x1080,https://le-malicieux.embedseek.com/#ssoe9&dl=1,https://le-malicieux.embedseek.com/#ssoe9
Helter Skelter Hakudaku no Mura - 01 vostfr [1080p-HEVC][48fps][hstream.moe].mkv,https://asset.seekstreaming.info/Ady8nNFRwED3zK0gpppsvQ/unl/6spnig6q/bjay5m/poster.png,1920x1080,https://le-malicieux.embedseek.com/#88tu5&dl=1,https://le-malicieux.embedseek.com/#88tu5
Hatsu Inu 2 The Animation - 02 vostfr [1080p-HEVC][48fps][hstream.moe].mkv,https://asset.seekstreaming.info/x6fNlYpfW45aMpindJw4VQ/unl/6spnig6q/91ilma/poster.png,1920x1080,https://le-malicieux.embedseek.com/#ssogc&dl=1,https://le-malicieux.embedseek.com/#ssogc
Hatsu Inu 2 The Animation - 01 vostfr [1080p-HEVC][48fps][hstream.moe].mkv,https://asset.seekstreaming.info/EJQKTnXk_ggeQHS-bL58Sw/6sy/6spnig6q/samhyc/poster.png,1920x1080,https://le-malicieux.embedseek.com/#ccjo3&dl=1,https://le-malicieux.embedseek.com/#ccjo3
Hatsu Inu The Animation - 01 vostfr [1080p-HEVC][48fps][hstream.moe].mkv,https://asset.seekstreaming.info/zei0ZesjO7oOhBaXDihZXg/unl/6spnig6q/m8zxv9/poster.png,1920x1080,https://le-malicieux.embedseek.com/#wwdxg&dl=1,https://le-malicieux.embedseek.com/#wwdxg
Hatsu Inu The Animation- 02 vostfr [1080p-HEVC][48fps][hstream.moe].mkv,https://asset.seekstreaming.info/gfa820se5tJo42aFsol-hA/qtd/6spnig6q/hvxefo/poster.png,1920x1080,https://le-malicieux.embedseek.com/#kkaur&dl=1,https://le-malicieux.embedseek.com/#kkaur
Harem Time The Animation - 01 vostfr [1080p-HEVC][hstream.moe].mkv,https://asset.seekstreaming.info/FlemktToxwN6eCsAC_rHNg/qtd/6spnig6q/63fgws/poster.png,1920x1080,https://le-malicieux.embedseek.com/#kkauq&dl=1,https://le-malicieux.embedseek.com/#kkauq
Harem Time The Animation - 02 vostfr [1080p-HEVC][hstream.moe].mkv,https://asset.seekstreaming.info/tqLVGpg_lvVM_gmVflP0eA/qtd/6spnig6q/v9q5rz/poster.png,1920x1080,https://le-malicieux.embedseek.com/#bbv1s&dl=1,https://le-malicieux.embedseek.com/#bbv1s
Hakoiri_Shoujo_Virgin_Territory_01_vostfr.mkv,https://asset.seekstreaming.info/o1LPpDwu0sTuNEyLXpM-AQ/qtd/6spnig6q/xqwbtf/poster.png,1280x720,https://le-malicieux.embedseek.com/#ii6bq&dl=1,https://le-malicieux.embedseek.com/#ii6bq
Hakoiri_Shoujo_Virgin_Territory_02_vostfr.mkv,https://asset.seekstreaming.info/X8GSvdOptCPqLZqZRzVv7A/meb/6spnig6q/5ljto8/poster.png,1280x720,https://le-malicieux.embedseek.com/#jjyfc&dl=1,https://le-malicieux.embedseek.com/#jjyfc
Guilty Hole - 08 vostfr [1080p-x265][48fps][hstream.moe].mkv,https://asset.seekstreaming.info/FIb89PoxsAUK7qTUmwX-nQ/meb/6spnig6q/qiujpk/poster.png,1920x1080,https://le-malicieux.embedseek.com/#oofzh&dl=1,https://le-malicieux.embedseek.com/#oofzh
Guilty Hole - 07 vostfr [1080p-x265][48fps][hstream.moe].mkv,https://asset.seekstreaming.info/W_iFcOlgVMhM01FdMRBK0g/meb/6spnig6q/63fgaz/poster.png,1920x1080,https://le-malicieux.embedseek.com/#nnx8a&dl=1,https://le-malicieux.embedseek.com/#nnx8a
Guilty Hole - 06 vostfr [1080p-x265][48fps][hstream.moe].mkv,https://asset.seekstreaming.info/L9Nr6orcPG65B8QYt1F5YA/meb/6spnig6q/ng9rhs/poster.png,1920x1080,https://le-malicieux.embedseek.com/#hhpjy&dl=1,https://le-malicieux.embedseek.com/#hhpjy
Guilty Hole - 05 vostfr [1080p-x265][48fps][hstream.moe].mkv,https://asset.seekstreaming.info/rqXbKzsB-ELtZpeYxPdU4g/meb/6spnig6q/chd899/poster.png,1920x1080,https://le-malicieux.embedseek.com/#33bpv&dl=1,https://le-malicieux.embedseek.com/#33bpv
Guilty Hole - 04 vostfr [1080p-x265][48fps][hstream.moe] (1).mkv,https://asset.seekstreaming.info/o6oiJBN-ZHrFTeHFfcv39Q/meb/6spnig6q/hvxe1w/poster.png,1920x1080,https://le-malicieux.embedseek.com/#11klt&dl=1,https://le-malicieux.embedseek.com/#11klt
Guilty Hole - 03 vostfr [1080p-x265][48fps][hstream.moe].mkv,https://asset.seekstreaming.info/aC7EcKxxnxyskuWmd-qFQw/meb/6spnig6q/lz6pb1/poster.png,1920x1080,https://le-malicieux.embedseek.com/#ii6bm&dl=1,https://le-malicieux.embedseek.com/#ii6bm
Guilty Hole - 01 vostfr [1080p-x265][48fps][hstream.moe].mkv,https://asset.seekstreaming.info/5ezmpycTKPPlspJW4yYT4A/meb/6spnig6q/obsu6b/poster.png,1920x1080,https://le-malicieux.embedseek.com/#88tap&dl=1,https://le-malicieux.embedseek.com/#88tap
Guilty Hole - 02 vostfr [1080p-x265][48fps][hstream.moe].mkv,https://asset.seekstreaming.info/dt2eCrZAEP535i8pT-VEtg/meb/6spnig6q/xqwbtj/poster.png,1920x1080,https://le-malicieux.embedseek.com/#5596o&dl=1,https://le-malicieux.embedseek.com/#5596o
Gakuen Chijoku no Zushiki 02 vostfr.mkv,https://asset.seekstreaming.info/SQ8r4wQF5I8Te2SopBIUwg/meb/6spnig6q/samhf8/poster.png,640x480,https://le-malicieux.embedseek.com/#vv8ki&dl=1,https://le-malicieux.embedseek.com/#vv8ki
Euphoria - 06 vostfr [1080p-HEVC][48fps][hstream.moe][v2].mkv,https://asset.seekstreaming.info/DuBP78iYOtXAINDtBTggjA/meb/6spnig6q/kfe9mt/poster.png,1920x1080,https://le-malicieux.embedseek.com/#ttgew&dl=1,https://le-malicieux.embedseek.com/#ttgew
Gakuen Chijoku no Zukushi 01 vostfr.mkv,https://asset.seekstreaming.info/99sbUwIx_x5Z77fGLzndsA/meb/6spnig6q/rmldea/poster.png,640x480,https://le-malicieux.embedseek.com/#pp1yf&dl=1,https://le-malicieux.embedseek.com/#pp1yf
Fuurinkanzan Doku o Motte Doku o Seisu 01 vostfr.mkv,https://asset.seekstreaming.info/rZHXbvAzFhNo04pvGuJXOQ/qtd/6spnig6q/pwgsyj/poster.png,1920x1080,https://le-malicieux.embedseek.com/#aaemm&dl=1,https://le-malicieux.embedseek.com/#aaemm
Euphoria - 04 vostfr [1080p-HEVC][48fps][hstream.moe].mkv,https://asset.seekstreaming.info/rmKIwV6rWvIm--gT0IeXxg/qtd/6spnig6q/tpn3uf/poster.png,1920x1080,https://le-malicieux.embedseek.com/#ggzqz&dl=1,https://le-malicieux.embedseek.com/#ggzqz
Euphoria - 05 vostfr [1080p-HEVC][48fps][hstream.moe][v2].mkv,https://asset.seekstreaming.info/JF3mVB3emaovH0zMJizDlA/meb/6spnig6q/hvxe1u/poster.png,1920x1080,https://le-malicieux.embedseek.com/#mmrdq&dl=1,https://le-malicieux.embedseek.com/#mmrdq
Euphoria - 03 vostfr [1080p-HEVC][48fps][hstream.moe].mkv,https://asset.seekstreaming.info/bzasd_bTVqPRD43wcfDiyg/unl/6spnig6q/gc1m5g/poster.png,1920x1080,https://le-malicieux.embedseek.com/#uumwj&dl=1,https://le-malicieux.embedseek.com/#uumwj
Euphoria - 02 vostfr [1080p-HEVC][48fps][hstream.moe].mkv,https://asset.seekstreaming.info/vk2934bz6H97tUJkQAI4cA/unl/6spnig6q/pwgsfh/poster.png,1920x1080,https://le-malicieux.embedseek.com/#ssogu&dl=1,https://le-malicieux.embedseek.com/#ssogu
Euphoria - 01 vostfr [1080p-HEVC][48fps][hstream.moe].mkv,https://asset.seekstreaming.info/SPm2ruUe0LsmHUkPHVApCA/unl/6spnig6q/xqwb31/poster.png,1920x1080,https://le-malicieux.embedseek.com/#88tal&dl=1,https://le-malicieux.embedseek.com/#88tal
Elf no Futago Hime Willan to Arsura 01 vostfr.mkv,https://asset.seekstreaming.info/dIsN1IKBc3GuYBFAk_14Wg/meb/6spnig6q/uyhkme/poster.png,1920x1080,https://le-malicieux.embedseek.com/#eeqqe&dl=1,https://le-malicieux.embedseek.com/#eeqqe
Dorei Usagi to Anthony The Animation - 01 vostfr [1080p-HEVC][48fps][hstream.moe].mkv,https://asset.seekstreaming.info/3FwBunClQIH5HEBGo2HeHw/meb/6spnig6q/qiujs9/poster.png,1920x1080,https://le-malicieux.embedseek.com/#xxssd&dl=1,https://le-malicieux.embedseek.com/#xxssd
Dekakute Ecchi na Ore no Ane - 01 vostfr [1080p-HEVC][48fps][hstream.moe].mkv,https://asset.seekstreaming.info/WaKYsajnbOGGke_gjGwaIw/meb/6spnig6q/ng9reh/poster.png,1920x1080,https://le-malicieux.embedseek.com/#ssooh&dl=1,https://le-malicieux.embedseek.com/#ssooh
D-Spray 01 vostfr.mkv,https://asset.seekstreaming.info/iq8Mx59DEsqKKHo_c86C2g/meb/6spnig6q/xqwb3n/poster.png,1920x1080,https://le-malicieux.embedseek.com/#ccjji&dl=1,https://le-malicieux.embedseek.com/#ccjji
Cosplay Roshutsu Kenkyuukai 02 vostfr.mkv,https://asset.seekstreaming.info/Ohwf_abG_gq7pQl30sbTYA/unl/6spnig6q/91ilb5/poster.png,1920x1080,https://le-malicieux.embedseek.com/#kkaaq&dl=1,https://le-malicieux.embedseek.com/#kkaaq
Cleavage - 02 vostfr [1080p-HEVC][hstream.moe].mkv,https://asset.seekstreaming.info/xl0kSt6qfRadpKxDFvUWQg/unl/6spnig6q/3src9m/poster.png,1920x1080,https://le-malicieux.embedseek.com/#kkaaz&dl=1,https://le-malicieux.embedseek.com/#kkaaz
Cosplay Roshutsu Kenkyuukai 01 vostfr.mkv,https://asset.seekstreaming.info/6S1LqgawLYMJg3tQErNaaw/meb/6spnig6q/kfe9x3/poster.png,1920x1080,https://le-malicieux.embedseek.com/#bbvvc&dl=1,https://le-malicieux.embedseek.com/#bbvvc
Cleavage - 01 vostfr [1080p-HEVC][hstream.moe].mkv,https://asset.seekstreaming.info/d_xrk7Mh4E977BAq8TL8eg/meb/6spnig6q/m8zxtp/poster.png,1920x1080,https://le-malicieux.embedseek.com/#66nn3&dl=1,https://le-malicieux.embedseek.com/#66nn3
Chijoku no Seifuku - 02 vostfr [1080p-HEVC][48fps][hstream.moe].mkv,https://asset.seekstreaming.info/xRiT2YL5d1EBujVTDfQoSg/meb/6spnig6q/tpn3k1/poster.png,1920x1080,https://le-malicieux.embedseek.com/#ii66z&dl=1,https://le-malicieux.embedseek.com/#ii66z
Chikansha Thomas 01 vostfr.mkv,https://asset.seekstreaming.info/uitbLgaZ6OdoUO9OVpcL1Q/meb/6spnig6q/63fgve/poster.png,720x480,https://le-malicieux.embedseek.com/#jjyyh&dl=1,https://le-malicieux.embedseek.com/#jjyyh
Chijoku no Seifuku - 01 vostfr [1080p-HEVC][48fps][hstream.moe].mkv,https://asset.seekstreaming.info/EQqqigXq7JLU0tCeuZckWA/unl/6spnig6q/v9q5uv/poster.png,1920x1080,https://le-malicieux.embedseek.com/#hhppz&dl=1,https://le-malicieux.embedseek.com/#hhppz
Bokura no Sex - 02 vostfr [1080p-HEVC][48fps][hstream.moe].mkv,https://asset.seekstreaming.info/LPbAZWreU_Kr-xoZzx4KwA/meb/6spnig6q/pwgs1e/poster.png,1920x1080,https://le-malicieux.embedseek.com/#ooff3&dl=1,https://le-malicieux.embedseek.com/#ooff3
Bokura no Sex - 01 vostfr [1080p-HEVC][48fps][hstream.moe].mkv,https://asset.seekstreaming.info/2tbrYVFxE6rzSlf9YY9YlQ/meb/6spnig6q/xqwbcz/poster.png,1920x1080,https://le-malicieux.embedseek.com/#nnxxt&dl=1,https://le-malicieux.embedseek.com/#nnxxt
Bishoku-ke no Rule - 02 vostfr [1080p-HEVC][48fps][hstream.moe].mkv,https://asset.seekstreaming.info/G2Z8CsTClaso9mMBwe2z1w/unl/6spnig6q/m8zx3w/poster.png,1920x1080,https://le-malicieux.embedseek.com/#33bbn&dl=1,https://le-malicieux.embedseek.com/#33bbn
Bishoku-ke no Rule - 01 vostfr [1080p-HEVC][48fps][hstream.moe].mkv,https://asset.seekstreaming.info/W76W6Wo-dPvSfA3eTpSalQ/unl/6spnig6q/uyhkxi/poster.png,1920x1080,https://le-malicieux.embedseek.com/#11kks&dl=1,https://le-malicieux.embedseek.com/#11kks
Bi-chiku Beach Nangoku Nyuujoku Satsueikai - 01 vostfr [1080p-HEVC][48fps][hstream.moe].mkv,https://asset.seekstreaming.info/l-7427dMIHOKc9Ki717NSQ/unl/6spnig6q/63fg5a/poster.png,1920x1080,https://le-malicieux.embedseek.com/#ii66e&dl=1,https://le-malicieux.embedseek.com/#ii66e
Bible Black Gaiden - 02 vostfr [hstream.moe].mkv,https://asset.seekstreaming.info/iIvKWO-iuBwbsVLoYuLqxQ/meb/6spnig6q/chd8pp/poster.png,1920x1080,https://le-malicieux.embedseek.com/#88ttb&dl=1,https://le-malicieux.embedseek.com/#88ttb
Bible Black Gaiden - 01 vostfr [1080p-HEVC][hstream.moe].mkv,https://asset.seekstreaming.info/zzhIdCiwkG99yj4hzp9c1g/unl/6spnig6q/91ilyt/poster.png,1920x1080,https://le-malicieux.embedseek.com/#99wwg&dl=1,https://le-malicieux.embedseek.com/#99wwg
Bakunyuu Maid Kari - 02 vostfr [1080p-HEVC][hstream.moe].mkv,https://asset.seekstreaming.info/YOXSGb8HVS0mgXvLTFCywQ/unl/6spnig6q/3srclx/poster.png,1920x1080,https://le-malicieux.embedseek.com/#lluuc&dl=1,https://le-malicieux.embedseek.com/#lluuc
Bakunyuu Maid Kari - 01 vostfr [1080p-HEVC][hstream.moe].mkv,https://asset.seekstreaming.info/2SjR_8QDCRJUQAKI-nfIiw/unl/6spnig6q/kfe9bc/poster.png,1920x1080,https://le-malicieux.embedseek.com/#uummp&dl=1,https://le-malicieux.embedseek.com/#uummp
Ayatsuri Haramase DreamNote - 02 vostfr [1080p-HEVC][48fps][hstream.moe].mkv,https://asset.seekstreaming.info/9ho7XRAuez-DDAmdZXI3NA/unl/6spnig6q/tpn39z/poster.png,1920x1080,https://le-malicieux.embedseek.com/#ssooa&dl=1,https://le-malicieux.embedseek.com/#ssooa
Ayatsuri Haramase DreamNote - 01 vostfr [1080p-HEVC][48fps][hstream.moe].mkv,https://asset.seekstreaming.info/scoZ6fsjuccJmiNG_4I1Bg/unl/6spnig6q/e5biap/poster.png,1920x1080,https://le-malicieux.embedseek.com/#88ts8&dl=1,https://le-malicieux.embedseek.com/#88ts8
Ano Ko to Ii Koto - 02 vostfr [1080p-HEVC][48fps][hstream.moe].mkv,https://asset.seekstreaming.info/LSyFVope4zP2HE5e3pBzmQ/unl/6spnig6q/63fgt6/poster.png,1920x1080,https://le-malicieux.embedseek.com/#eeqzg&dl=1,https://le-malicieux.embedseek.com/#eeqzg
Ane Jiru The Animation: Shirakawa Sanshimai ni Omakase - 02 vostfr [1080p-HEVC][hstream.moe].mkv,https://asset.seekstreaming.info/yhhy6VNtJjb-N6iSnvfUTg/meb/6spnig6q/m8zxca/poster.png,1920x1080,https://le-malicieux.embedseek.com/#xxscr&dl=1,https://le-malicieux.embedseek.com/#xxscr
Ano Ko to Ii Koto - 01 vostfr [1080p-HEVC][48fps][hstream.moe].mkv,https://asset.seekstreaming.info/luH_plLfTM6WMZSU4QPITw/meb/6spnig6q/uyhkb6/poster.png,1920x1080,https://le-malicieux.embedseek.com/#ssoj3&dl=1,https://le-malicieux.embedseek.com/#ssoj3
Ane Jiru The Animation: Shirakawa Sanshimai ni Omakase - 01 vostfr [1080p-HEVC][hstream.moe].mkv,https://asset.seekstreaming.info/WAt73dViVr5ENPUa6dkTFw/meb/6spnig6q/hvxea5/poster.png,1920x1080,https://le-malicieux.embedseek.com/#wwdrj&dl=1,https://le-malicieux.embedseek.com/#wwdrj
Ane Jiru 2 The Animation: Shirakawa Sanshimai ni Omakase 01 vostfr [1080p-HEVC][48fps][hstream.moe].mkv,https://asset.seekstreaming.info/m2ZgaObYId20ch5bKn5gFA/meb/6spnig6q/lz6p1a/poster.png,1920x1080,https://le-malicieux.embedseek.com/#kkatz&dl=1,https://le-malicieux.embedseek.com/#kkatz
Ane Jiru 2 The Animation: Shirakawa Sanshimai ni Omakase 02 vostfr [1080p-HEVC][48fps][hstream.moe].mkv,https://asset.seekstreaming.info/OhN_zuJCm3k9zvOs5cUkbw/meb/6spnig6q/obsux1/poster.png,1920x1080,https://le-malicieux.embedseek.com/#kkatf&dl=1,https://le-malicieux.embedseek.com/#kkatf
Ane Haramix - 04 vostfr [1080p-HEVC][48fps][hstream.moe].mkv,https://asset.seekstreaming.info/PnTz4ER5ZUME_J4AvUlDrA/meb/6spnig6q/kfe9y8/poster.png,1920x1080,https://le-malicieux.embedseek.com/#bbvnh&dl=1,https://le-malicieux.embedseek.com/#bbvnh
Ane Haramix - 03 vostfr [1080p-HEVC][48fps][hstream.moe].mkv,https://asset.seekstreaming.info/euVMLt3O1vbxm02awDG08w/meb/6spnig6q/pwgszd/poster.png,1920x1080,https://le-malicieux.embedseek.com/#66nwi&dl=1,https://le-malicieux.embedseek.com/#66nwi
Ane Haramix - 02 vostfr [1080p-HEVC][48fps][hstream.moe].mkv,https://asset.seekstreaming.info/xLs4p3jd8r3zN-ZdxstJrg/meb/6spnig6q/m8zxch/poster.png,1440x1080,https://le-malicieux.embedseek.com/#ii69f&dl=1,https://le-malicieux.embedseek.com/#ii69f
Ane Haramix - 01 vostfr [1080p-HEVC][48fps][hstream.moe].mkv,https://asset.seekstreaming.info/V__xQNf1FjJJm87WcoVtUA/unl/6spnig6q/tpn3lw/poster.png,1440x1080,https://le-malicieux.embedseek.com/#jjy13&dl=1,https://le-malicieux.embedseek.com/#jjy13
Anata dake Konbanwa - 05 vostfr [1080p-HEVC][hstream.moe].mkv,https://asset.seekstreaming.info/sMYWWsnEjiPqsCXyLCpBBQ/6sy/6spnig6q/hvxeal/poster.png,1920x1080,https://le-malicieux.embedseek.com/#hhpbf&dl=1,https://le-malicieux.embedseek.com/#hhpbf
Anata dake Konbanwa - 04 vostfr [1080p-HEVC][hstream.moe].mkv,https://asset.seekstreaming.info/wplae2gv7ZPEjADfBE6BXA/meb/6spnig6q/ity6ti/poster.png,1920x1080,https://le-malicieux.embedseek.com/#oofyi&dl=1,https://le-malicieux.embedseek.com/#oofyi
Anata dake Konbanwa - 02 vostfr [1080p-HEVC][hstream.moe].mkv,https://asset.seekstreaming.info/MGsyaArih-2lZRLXi_4kIA/meb/6spnig6q/63fg3g/poster.png,1920x1080,https://le-malicieux.embedseek.com/#nnxds&dl=1,https://le-malicieux.embedseek.com/#nnxds
Anata dake Konbanwa - 03 vostfr [1080p-HEVC][hstream.moe].mkv,https://asset.seekstreaming.info/VSqF8wbqZ5tDZUgYoNx6ww/meb/6spnig6q/v9q59t/poster.png,1920x1080,https://le-malicieux.embedseek.com/#hhpbv&dl=1,https://le-malicieux.embedseek.com/#hhpbv
Anata dake Konbanwa - 01 vostfr [1080p-HEVC][hstream.moe].mkv,https://asset.seekstreaming.info/kTEeyl44qt2p4Mr9pERKzQ/meb/6spnig6q/bjayjz/poster.png,1920x1080,https://le-malicieux.embedseek.com/#33b6w&dl=1,https://le-malicieux.embedseek.com/#33b6w
Akina to Onsen de H Shiyo! - 01 vostfr [1080p-HEVC][48fps][hstream.moe].mkv,https://asset.seekstreaming.info/DCw7HJG6R0GHnxV6BXh0HA/meb/6spnig6q/pwgsw6/poster.png,1920x1080,https://le-malicieux.embedseek.com/#11k8c&dl=1,https://le-malicieux.embedseek.com/#11k8c
Ai Doll 04 vostfr.mkv,https://asset.seekstreaming.info/8P-lCKWEyKMlM0o-hPfGCw/meb/6spnig6q/xqwbqa/poster.png,960x720,https://le-malicieux.embedseek.com/#88ts6&dl=1,https://le-malicieux.embedseek.com/#88ts6
Yakin Byoutou Kranke - 02fr.mkv,https://asset.seekstreaming.info/17kmb85MdEywma1M4Uh1ew/9dz/9dr5ky6e/obfbc8/poster.png,710x480,https://le-malicieux.embedseek.com/#1nbpc&dl=1,https://le-malicieux.embedseek.com/#1nbpc
Yakin_byoutou_ni_-_Art_gallery_01.mkv,https://asset.seekstreaming.info/2eUdcgwXoQ0_dBbGysnPaQ/kra/9dr5ky6e/itctks/poster.png,720x576,https://le-malicieux.embedseek.com/#ilfzg&dl=1,https://le-malicieux.embedseek.com/#ilfzg
Yakin Byoutou Kranke - 03fr.mkv,https://asset.seekstreaming.info/jabyrQbVa4QDzCAq5pP27g/9dz/9dr5ky6e/91w1ju/poster.png,710x480,https://le-malicieux.embedseek.com/#8dnv6&dl=1,https://le-malicieux.embedseek.com/#8dnv6
Yakin Byoutou 10.5fr.mkv,https://asset.seekstreaming.info/LDnCPM-4yBMYR6Bhm_drRg/9dz/9dr5ky6e/kfzfjl/poster.png,720x540,https://le-malicieux.embedseek.com/#5kyfp&dl=1,https://le-malicieux.embedseek.com/#5kyfp
Yakin Byoutou Kranke - 01fr.mkv,https://asset.seekstreaming.info/cplyGOBwrxW3c7HjQeJsig/skt/9dr5ky6e/rmbm3u/poster.png,710x480,https://le-malicieux.embedseek.com/#vw6bl&dl=1,https://le-malicieux.embedseek.com/#vw6bl
Yakin Byoutou 10.0fr.mkv,https://asset.seekstreaming.info/guBDu40KNuHJFOpyg8FhyQ/skt/9dr5ky6e/hvtvub/poster.png,720x540,https://le-malicieux.embedseek.com/#tcx8e&dl=1,https://le-malicieux.embedseek.com/#tcx8e
Yakin Byoutou 09.0fr.mkv,https://asset.seekstreaming.info/jUKWvSfKrs3-3Vbd84pQlw/skt/9dr5ky6e/6383la/poster.png,720x540,https://le-malicieux.embedseek.com/#p63h1&dl=1,https://le-malicieux.embedseek.com/#p63h1
Yariman Fudousan 01 vostfr.mkv,https://asset.seekstreaming.info/vvhK2CQuyqm8B81NYZM0nQ/skt/9dr5ky6e/bjrjeq/poster.png,1920x1080,https://le-malicieux.embedseek.com/#as8kg&dl=1,https://le-malicieux.embedseek.com/#as8kg
Yariman Fudousan 02 vostfr.mkv,https://asset.seekstreaming.info/D8bR0VZVyYCdzEZi6N7xyA/3ae/9dr5ky6e/8e6eai/poster.png,1920x1080,https://le-malicieux.embedseek.com/#gjsty&dl=1,https://le-malicieux.embedseek.com/#gjsty
Yakin_byoutou_san_02fr.mkv,https://asset.seekstreaming.info/PlnFeadet3t7TPErL9n7wA/3ae/9dr5ky6e/uy1yqa/poster.png,708x480,https://le-malicieux.embedseek.com/#9al5o&dl=1,https://le-malicieux.embedseek.com/#9al5o
Yakin_byoutou_san_03fr.mkv,https://asset.seekstreaming.info/XCKg2Muyurm--vgYiZ4piQ/3ae/9dr5ky6e/qigivy/poster.png,708x480,https://le-malicieux.embedseek.com/#l81yh&dl=1,https://le-malicieux.embedseek.com/#l81yh
Yakin_byoutou_ni_05fr.mkv,https://asset.seekstreaming.info/WnzgYRBqbHveu4_cdyN4xw/3ae/9dr5ky6e/hvtvuo/poster.png,692x570,https://le-malicieux.embedseek.com/#utklb&dl=1,https://le-malicieux.embedseek.com/#utklb
Yakin_byoutou_san_01fr.mkv,https://asset.seekstreaming.info/sJdTnMga0MQRZMcF6LKPvw/3ae/9dr5ky6e/obfb8q/poster.png,708x480,https://le-malicieux.embedseek.com/#5kyf3&dl=1,https://le-malicieux.embedseek.com/#5kyf3
Yakin_byoutou_ni_03fr.mkv,https://asset.seekstreaming.info/gQ39awnTuXDDUaePD0Zs6w/9dz/wybszwqs/86ea6y/poster.png,692x570,https://le-malicieux.embedseek.com/#shdds&dl=1,https://le-malicieux.embedseek.com/#shdds
Yakin_byoutou_ni_04fr.mkv,https://asset.seekstreaming.info/7rC7-CfLdZieTWg_ysHHoA/3ae/9dr5ky6e/3seswc/poster.png,692x570,https://le-malicieux.embedseek.com/#8dnnx&dl=1,https://le-malicieux.embedseek.com/#8dnnx
Yakin_byoutou_ni_01fr.mkv,https://asset.seekstreaming.info/7tyZH-80hetcnBJ7ffkKxA/3ae/9dr5ky6e/6383pv/poster.png,692x570,https://le-malicieux.embedseek.com/#eotto&dl=1,https://le-malicieux.embedseek.com/#eotto
Yakin_byoutou_ni_02fr.mkv,https://asset.seekstreaming.info/TwmSjVHr5TZZpwrNNrIWyQ/3ae/9dr5ky6e/v9p9fu/poster.png,692x570,https://le-malicieux.embedseek.com/#xrwwq&dl=1,https://le-malicieux.embedseek.com/#xrwwq
Yakin_byoutou_ni_-_Art_gallery_02.mkv,https://asset.seekstreaming.info/VnmyKS2Cos0FJuVy3rgsdA/kra/9dr5ky6e/chiha1/poster.png,720x576,https://le-malicieux.embedseek.com/#shddi&dl=1,https://le-malicieux.embedseek.com/#shddi
Yakin_byoutou_ni_-_Art_gallery_03.mkv,https://asset.seekstreaming.info/zJXsTbEtGwCdh1glJgj3GA/kra/9dr5ky6e/j6m6tv/poster.png,720x576,https://le-malicieux.embedseek.com/#c3rrl&dl=1,https://le-malicieux.embedseek.com/#c3rrl
Yakin Byoutou 04.0fr.mkv,https://asset.seekstreaming.info/fxf8piH09WPC-i8XEMOzcQ/skt/9dr5ky6e/chihta/poster.png,720x540,https://le-malicieux.embedseek.com/#6u555&dl=1,https://le-malicieux.embedseek.com/#6u555
Yakin Byoutou 05.0fr.mkv,https://asset.seekstreaming.info/Ji7fU0BGfnBFNByRpHOnJA/9dz/9dr5ky6e/hvtvpl/poster.png,720x540,https://le-malicieux.embedseek.com/#ilffy&dl=1,https://le-malicieux.embedseek.com/#ilffy
Yakin Byoutou 03.0fr.mkv,https://asset.seekstreaming.info/QN0Lkz58e6UH6rrv_pDpBQ/skt/9dr5ky6e/dxybdu/poster.png,720x540,https://le-malicieux.embedseek.com/#jbhhi&dl=1,https://le-malicieux.embedseek.com/#jbhhi
Taimanin Asagi bonus 01 VOSTFR.mkv,https://asset.seekstreaming.info/QZ98har4bJ9vlA_a5EpVPw/nc9/dq8zriez/satxyr/poster.png,720x480,https://le-malicieux.embedseek.com/#nm99c&dl=1,https://le-malicieux.embedseek.com/#nm99c
Yakin Byoutou 02.0fr.mkv,https://asset.seekstreaming.info/tf2sSyLLT2gkWyJ-bJ-Apg/3ae/9dr5ky6e/hvt5hw/poster.png,720x540,https://le-malicieux.embedseek.com/#hiqqn&dl=1,https://le-malicieux.embedseek.com/#hiqqn
Yakin Byoutou 01.0fr.mkv,https://asset.seekstreaming.info/sN0Px5uUElyEtswIKhH8Zw/skt/9dr5ky6e/itc3it/poster.png,720x540,https://le-malicieux.embedseek.com/#35zzm&dl=1,https://le-malicieux.embedseek.com/#35zzm
Star Jewel Gaiden Natsumi Oblivion 01 vostfr.mkv,https://asset.seekstreaming.info/JBtxH9IAQT7r1zMfXqpcig/r81/dq8zriez/bjdv3w/poster.png,704x396,https://le-malicieux.embedseek.com/#1nbbh&dl=1,https://le-malicieux.embedseek.com/#1nbbh
Soreyuke Marin-chan - 02 vostfr [hstream.moe].mkv,https://asset.seekstreaming.info/fgZC9poHhAFieQ75j9fJiw/skt/9dr5ky6e/gcq8gj/poster.png,1920x1080,https://le-malicieux.embedseek.com/#ilffo&dl=1,https://le-malicieux.embedseek.com/#ilffo
Soreyuke Marin-chan - 03 vostfr [hstream.moe].mkv,https://asset.seekstreaming.info/z5wJX1_pYDSlwvIt2p-99w/skt/9dr5ky6e/bjrnbo/poster.png,1920x1080,https://le-malicieux.embedseek.com/#8dnn9&dl=1,https://le-malicieux.embedseek.com/#8dnn9
Shion - 04 vostfr [hstream.moe].mkv,https://asset.seekstreaming.info/W2zRfD0_comH8oGgzCmmfA/j3l/9dr5ky6e/lzawpl/poster.png,1920x1080,https://le-malicieux.embedseek.com/#tcxxg&dl=1,https://le-malicieux.embedseek.com/#tcxxg
Soreyuke Marin-chan - 01 vostfr [hstream.moe].mkv,https://asset.seekstreaming.info/ud13AYDdxLrqQ-nOcMXuPA/h9f/9dr5ky6e/91wzle/poster.png,1920x1080,https://le-malicieux.embedseek.com/#as88o&dl=1,https://le-malicieux.embedseek.com/#as88o
Shion bonus 01 vostfr.mkv,https://asset.seekstreaming.info/nZI249NqW7rXV2b9xGiakw/skt/9dr5ky6e/j6mgn8/poster.png,1920x1080,https://le-malicieux.embedseek.com/#gjss1&dl=1,https://le-malicieux.embedseek.com/#gjss1
Shion - 03 vostfr [hstream.moe].mkv,https://asset.seekstreaming.info/-4kDyZorGXxBIRwPUJedvg/skt/9dr5ky6e/lzawsp/poster.png,1920x1080,https://le-malicieux.embedseek.com/#mgaay&dl=1,https://le-malicieux.embedseek.com/#mgaay
Shion - 02 vostfr [hstream.moe].mkv,https://asset.seekstreaming.info/hZPVBe0eGBtToEepahSjyQ/skt/9dr5ky6e/91wzpi/poster.png,1920x1080,https://le-malicieux.embedseek.com/#l8113&dl=1,https://le-malicieux.embedseek.com/#l8113
Shion - 01 vostfr [hstream.moe].mkv,https://asset.seekstreaming.info/FZYIwMc_JXgSPXIdx7BQfA/9dz/9dr5ky6e/m8jqb3/poster.png,1920x1080,https://le-malicieux.embedseek.com/#5ky15&dl=1,https://le-malicieux.embedseek.com/#5ky15
Shin_Saishuu_Chikan_Densha_-_02 vostfr.mkv,https://asset.seekstreaming.info/1EIJZeFd5pl1bzqJd4Xb9Q/j3l/9dr5ky6e/pwvah8/poster.png,960x720,https://le-malicieux.embedseek.com/#8dnwd&dl=1,https://le-malicieux.embedseek.com/#8dnwd
Shin_Saishuu_Chikan_Densha_-_01 vostfr.mkv,https://asset.seekstreaming.info/Hb051NMywnEYcxENAc9GBw/j3l/9dr5ky6e/8e6ijf/poster.png,960x720,https://le-malicieux.embedseek.com/#eotsj&dl=1,https://le-malicieux.embedseek.com/#eotsj
Shin Saishuu Chikan Densha_ 03 vostfr.mkv,https://asset.seekstreaming.info/9-Uqc_WLRFxmRVjHqaWPcw/j3l/9dr5ky6e/qig6n5/poster.png,1280x960,https://le-malicieux.embedseek.com/#xrwmz&dl=1,https://le-malicieux.embedseek.com/#xrwmz
Shin Bible Black Recap 01 vostfr.mkv,https://asset.seekstreaming.info/Lw-O4_PlVugC_RqIOYI-7Q/nc9/dq8zriez/8egulu/poster.png,1440x1080,https://le-malicieux.embedseek.com/#shdr5&dl=1,https://le-malicieux.embedseek.com/#shdr5
Saishuu Chikan Densha 01 vostfr (1-3).mkv,https://asset.seekstreaming.info/W2yrqp_W-aGRuWZ7CVgNkA/nc9/dq8zriez/qimkph/poster.png,704x478,https://le-malicieux.embedseek.com/#weuab&dl=1,https://le-malicieux.embedseek.com/#weuab
Saimin Jutsu The Animation 2nd_02_vostfr.mkv,https://asset.seekstreaming.info/sPSycbRXRUJZ_hk1CjbOSg/h9f/9dr5ky6e/gcq8bd/poster.png,696x568,https://le-malicieux.embedseek.com/#kxvn1&dl=1,https://le-malicieux.embedseek.com/#kxvn1
Saimin Jutsu The Animation 2nd_01_vostfr.mkv,https://asset.seekstreaming.info/UyG8vUYF33qZsDBoh29UOw/h9f/9dr5ky6e/xqnj1z/poster.png,696x568,https://le-malicieux.embedseek.com/#6u5ll&dl=1,https://le-malicieux.embedseek.com/#6u5ll
Sailor Fuku Shinryou Tsumaka - 02 vostfr [hstream.moe].mkv,https://asset.seekstreaming.info/ivYGXUHgjbTOgdDdXe7KEw/h9f/9dr5ky6e/dxyb9p/poster.png,1920x1280,https://le-malicieux.embedseek.com/#ilfy1&dl=1,https://le-malicieux.embedseek.com/#ilfy1
Ryoujoku no rensa 02 vostfr.mkv,https://asset.seekstreaming.info/0FLkn-NWDwXGjBMgWKvM1Q/skt/9dr5ky6e/pwvaiz/poster.png,716x480,https://le-malicieux.embedseek.com/#jbh35&dl=1,https://le-malicieux.embedseek.com/#jbh35
Sailor Fuku Shinryou Tsumaka - 01 vostfr [hstream.moe].mkv,https://asset.seekstreaming.info/Fxl_W17jq2oBpss7PntG8w/skt/9dr5ky6e/tphsqs/poster.png,1920x1080,https://le-malicieux.embedseek.com/#hiqz1&dl=1,https://le-malicieux.embedseek.com/#hiqz1
Papa Love Papa to Icha Ero Shitai Musume-tachi to Hitotsu Yane no Shita de - 01 vostfr [hstream.moe].mkv,https://asset.seekstreaming.info/iKi1TLg8g29z-YPAYDtbNg/j3l/9dr5ky6e/qig6d3/poster.png,1920x1080,https://le-malicieux.embedseek.com/#opchl&dl=1,https://le-malicieux.embedseek.com/#opchl
Ryoujoku no rensa 01 vostfr.mkv,https://asset.seekstreaming.info/sRWLxt5xDfrJMMOzEcZu2Q/j3l/9dr5ky6e/hvt5m6/poster.png,716x480,https://le-malicieux.embedseek.com/#nm9uh&dl=1,https://le-malicieux.embedseek.com/#nm9uh
Papa Love Papa to Icha Ero Shitai Musume-tachi to Hitotsu Yane no Shita de - 02 vostfr [hstream.moe].mkv,https://asset.seekstreaming.info/TAzgNkxBoFdAQJbqGX_k0A/j3l/9dr5ky6e/sa5vg1/poster.png,1920x1080,https://le-malicieux.embedseek.com/#hiqzw&dl=1,https://le-malicieux.embedseek.com/#hiqzw
Oppai Gakuen Marching Band-Bu! - 01 vostfr [hstream.moe].mkv,https://asset.seekstreaming.info/IRBKjl3I7_RGBWUFLeqzJg/skt/dq8zriez/satxfd/poster.png,1920x1080,https://le-malicieux.embedseek.com/#35zfe&dl=1,https://le-malicieux.embedseek.com/#35zfe
Oyako Rankan The Animation 01 vostfr.mkv,https://asset.seekstreaming.info/ZtV6BceK0wKK2lRG79X8oA/skt/dq8zriez/hv3bzh/poster.png,1920x1080,https://le-malicieux.embedseek.com/#1nb63&dl=1,https://le-malicieux.embedseek.com/#1nb63
Offside Girl 02 VOSTFR.mkv,https://asset.seekstreaming.info/Y9TYeNpFvL27jaXEfu3N1A/j3l/9dr5ky6e/dxybph/poster.png,640x480,https://le-malicieux.embedseek.com/#8dnwu&dl=1,https://le-malicieux.embedseek.com/#8dnwu
Newmanoid Cam Cam Castin 01 vostfr.mkv,https://asset.seekstreaming.info/s8UQJRInvzHnzSCFJ4tTqQ/nc9/dq8zriez/xqra3k/poster.png,1920x1080,https://le-malicieux.embedseek.com/#vw698&dl=1,https://le-malicieux.embedseek.com/#vw698
Offside Girl 01 VOSTFR.mkv,https://asset.seekstreaming.info/N5fXgGh0kj0IPkttqyJkQw/ojg/9dr5ky6e/m8jqzj/poster.png,640x480,https://le-malicieux.embedseek.com/#tcxdo&dl=1,https://le-malicieux.embedseek.com/#tcxdo
Mune_Kyun!_Heartful_Cafe_02 vostfr.mkv,https://asset.seekstreaming.info/lmtTPoLXlDCtyZ8qg6v42w/kra/9dr5ky6e/e53tbq/poster.png,720x480,https://le-malicieux.embedseek.com/#p63in&dl=1,https://le-malicieux.embedseek.com/#p63in
Mou_hasamazu_ni_wa_irarenai bonus 01 vostfr.mkv,https://asset.seekstreaming.info/2sV7TzXeK9emdNkABb2QgQ/nc9/dq8zriez/lzvgyt/poster.png,1920x1080,https://le-malicieux.embedseek.com/#as8xj&dl=1,https://le-malicieux.embedseek.com/#as8xj
Mune_Kyun!_Heartful_Cafe 01 vostfr.mkv,https://asset.seekstreaming.info/OyMwxm-TyIABG4Sym_Aw-w/kra/9dr5ky6e/638cfd/poster.png,720x480,https://le-malicieux.embedseek.com/#gjscv&dl=1,https://le-malicieux.embedseek.com/#gjscv
Milk Junkie Shimai Hen 04 vostfr.mkv,https://asset.seekstreaming.info/sY0y2VRQU_tNfhrzTfnJAw/kra/9dr5ky6e/bjrnas/poster.png,1440x1080,https://le-malicieux.embedseek.com/#mgat1&dl=1,https://le-malicieux.embedseek.com/#mgat1
Mini skirt gakuen 01 vostfr.mkv,https://asset.seekstreaming.info/COaCxycSIEHGW_A_eN9oxQ/nc9/dq8zriez/kfwixn/poster.png,720x480,https://le-malicieux.embedseek.com/#9alkp&dl=1,https://le-malicieux.embedseek.com/#9alkp
Manin Densha - 03 vostfr [hstream.moe].mkv,https://asset.seekstreaming.info/vpkRuBFgqvHjCbl2Imk-yg/h9f/9dr5ky6e/m8jqzi/poster.png,1920x1080,https://le-malicieux.embedseek.com/#l81vi&dl=1,https://le-malicieux.embedseek.com/#l81vi
Milk Junkie Shimai Hen 03 vostfr.mkv,https://asset.seekstreaming.info/c0i5tKvsV0-_pSWGw_h09A/ojg/9dr5ky6e/qig6kq/poster.png,1440x1080,https://le-malicieux.embedseek.com/#utkxu&dl=1,https://le-malicieux.embedseek.com/#utkxu
Milk Junkie Shimai Hen 02 vostfr.mkv,https://asset.seekstreaming.info/OKmcq1IN5Spv7xbltedx1Q/ojg/9dr5ky6e/ngxmld/poster.png,1440x1080,https://le-malicieux.embedseek.com/#5kyvl&dl=1,https://le-malicieux.embedseek.com/#5kyvl
Milk Junkie Shimai Hen 01 vostfr.mkv,https://asset.seekstreaming.info/6O2ju6mBQyUjF2x-V0XcqA/ojg/9dr5ky6e/hvt5bm/poster.png,1440x1080,https://le-malicieux.embedseek.com/#shdqh&dl=1,https://le-malicieux.embedseek.com/#shdqh
Manin Densha - 02 vostfr [hstream.moe].mkv,https://asset.seekstreaming.info/UEMJuarKzytKsUBijRkxtQ/9dz/9dr5ky6e/obfyhh/poster.png,1920x1080,https://le-malicieux.embedseek.com/#8dnmr&dl=1,https://le-malicieux.embedseek.com/#8dnmr
Manin Densha - 01 vostfr [hstream.moe].mkv,https://asset.seekstreaming.info/F4qURU04RU7OH1Kdjko5ag/h9f/9dr5ky6e/xqnjav/poster.png,1920x1080,https://le-malicieux.embedseek.com/#eotcp&dl=1,https://le-malicieux.embedseek.com/#eotcp
Kuro Ai Hitoyozumakan Inkou Rannyuuroku - 02 vostfr [1080p][48fps][hstream.moe].mkv,https://asset.seekstreaming.info/CFdpxzTYIXFiLDplXCaFlA/h9f/9dr5ky6e/tphsri/poster.png,1920x1080,https://le-malicieux.embedseek.com/#shdql&dl=1,https://le-malicieux.embedseek.com/#shdql
Kuro Ai Hitoyozumakan Inkou Rannyuuroku - 01 vostfr [1080p][48fps][hstream.moe].mkv,https://asset.seekstreaming.info/3RGiAQbswkD1ow3t24_3Wg/9dz/9dr5ky6e/e53tyj/poster.png,1920x1080,https://le-malicieux.embedseek.com/#c3rz8&dl=1,https://le-malicieux.embedseek.com/#c3rz8
Yakin Byoutou 08.0fr.mkv,https://asset.seekstreaming.info/OErVm7eI6As_VCZNcVrWUg/ojg/9dr5ky6e/xqnjv5/poster.png,720x540,https://le-malicieux.embedseek.com/#kxvw1&dl=1,https://le-malicieux.embedseek.com/#kxvw1
Yakin Byoutou 07.0fr.mkv,https://asset.seekstreaming.info/uyjQu_E5y6tSWoiS5z_ZqA/ojg/9dr5ky6e/kfz161/poster.png,720x540,https://le-malicieux.embedseek.com/#kxvwv&dl=1,https://le-malicieux.embedseek.com/#kxvwv
Yakin Byoutou 05.5fr.mkv,https://asset.seekstreaming.info/W84DNyWafarOj6TeSV107A/ojg/9dr5ky6e/e53tfn/poster.png,720x540,https://le-malicieux.embedseek.com/#6u5kk&dl=1,https://le-malicieux.embedseek.com/#6u5kk
Yakin Byoutou 06.0fr.mkv,https://asset.seekstreaming.info/vlvPkhIVMl7dGzr7dc6ToA/j3l/9dr5ky6e/v9plnx/poster.png,720x540,https://le-malicieux.embedseek.com/#ilf1v&dl=1,https://le-malicieux.embedseek.com/#ilf1v
Kagirohi Shaku Kei - 01 vostfr [hstream.moe].mkv,https://asset.seekstreaming.info/qqcAHHpidky5p64PYRdAXA/ojg/9dr5ky6e/chie9d/poster.png,1920x1080,https://le-malicieux.embedseek.com/#hiqfm&dl=1,https://le-malicieux.embedseek.com/#hiqfm
Junjou Shoujo Et Cetera 02 vostfr.mkv,https://asset.seekstreaming.info/YfvhxQLVV64SB3HcFN31qQ/ojg/9dr5ky6e/tphsum/poster.png,1920x1080,https://le-malicieux.embedseek.com/#1nb9i&dl=1,https://le-malicieux.embedseek.com/#1nb9i
Junjou Shoujo Et Cetera Bonus 02 vostfr.mkv,https://asset.seekstreaming.info/NqYRGYb21HJP1mzUmVxXHQ/cvo/9dr5ky6e/638ca9/poster.png,1920x1080,https://le-malicieux.embedseek.com/#ilf1p&dl=1,https://le-malicieux.embedseek.com/#ilf1p
Junjou Shoujo Et Cetera bonus 01 vostfr.mkv,https://asset.seekstreaming.info/0drExV2B4mC32-XGYRd-0Q/9dz/9dr5ky6e/gcq8vs/poster.png,1920x1080,https://le-malicieux.embedseek.com/#8dnma&dl=1,https://le-malicieux.embedseek.com/#8dnma
Junjou Shoujo Et Cetera 01 vostfr.mkv,https://asset.seekstreaming.info/zvQgMzgx9svQbDFprn2pbQ/r81/9dr5ky6e/bjrn36/poster.png,1920x1080,https://le-malicieux.embedseek.com/#5kyv9&dl=1,https://le-malicieux.embedseek.com/#5kyv9
Jukujo Shigan 01 vostfr.mkv,https://asset.seekstreaming.info/oZYGc2_ppnBCW8zV1iUq0w/nc9/dq8zriez/rmypi8/poster.png,1920x1080,https://le-malicieux.embedseek.com/#vw6ux&dl=1,https://le-malicieux.embedseek.com/#vw6ux
Jisshuusei 01 vostfr.mkv,https://asset.seekstreaming.info/2Ch2Pw4BLWjpI_p4NwXUaA/nc9/dq8zriez/m8nwt6/poster.png,960x720,https://le-malicieux.embedseek.com/#tcxrj&dl=1,https://le-malicieux.embedseek.com/#tcxrj
Itazura The Animation - 02 vostfr.mkv,https://asset.seekstreaming.info/HRR4HLV7hjnquFfwh_hDIg/kra/9dr5ky6e/obfygg/poster.png,1920x1440,https://le-malicieux.embedseek.com/#p635w&dl=1,https://le-malicieux.embedseek.com/#p635w
Iyashite Agerun Saiyuuki 01 vostfr.mkv,https://asset.seekstreaming.info/fVOY7Rq3CIw8vCeHUqFJvg/nc9/dq8zriez/tper9t/poster.png,1920x1080,https://le-malicieux.embedseek.com/#as8dp&dl=1,https://le-malicieux.embedseek.com/#as8dp
Itazura The Animation - 01 vostfr.mkv,https://asset.seekstreaming.info/GXxsPQWm8FRD4Y5nSw81CA/kra/9dr5ky6e/638c5f/poster.png,1920x1440,https://le-malicieux.embedseek.com/#mgasv&dl=1,https://le-malicieux.embedseek.com/#mgasv
In no Houteishiki - 02 vostfr [hstream.moe].mkv,https://asset.seekstreaming.info/69kl2d6fRW-wie1EeHZ65Q/3ae/9dr5ky6e/chiepu/poster.png,1440x1080,https://le-malicieux.embedseek.com/#9al8b&dl=1,https://le-malicieux.embedseek.com/#9al8b
In no Houteishiki - 01 vostfr [hstream.moe].mkv,https://asset.seekstreaming.info/e3O7SD5M4tuArcdMv39lSA/3ae/9dr5ky6e/pwva18/poster.png,1440x1080,https://le-malicieux.embedseek.com/#l81wl&dl=1,https://le-malicieux.embedseek.com/#l81wl
Ienai_Koto_02_vostfr.mkv,https://asset.seekstreaming.info/37Z2Ji1fSrNmVXgsTau4hA/puc/ipljef8k/mj5y3w/poster.png,1920x1080,https://le-malicieux.embedseek.com/#shdz3&dl=1,https://le-malicieux.embedseek.com/#shdz3
Ienai_Koto_01_vostfr.mkv,https://asset.seekstreaming.info/WHRMKOlNrZhSo1GelvkPBA/kra/9dr5ky6e/uy1fbs/poster.png,1920x1080,https://le-malicieux.embedseek.com/#8dneq&dl=1,https://le-malicieux.embedseek.com/#8dneq
Idol Kyousei Sousa 02 vostfr.mkv,https://asset.seekstreaming.info/U6LXclhGrIJTUcRjkftrZg/3ae/9dr5ky6e/ngxm6p/poster.png,1920x1080,https://le-malicieux.embedseek.com/#eothb&dl=1,https://le-malicieux.embedseek.com/#eothb
Idol Kyousei Sousa 01 vostfr.mkv,https://asset.seekstreaming.info/VS1nQAnTMDpfiFPnaxa8pg/ipk/dq8zriez/rmy9t6/poster.png,1920x1080,https://le-malicieux.embedseek.com/#xrwgy&dl=1,https://le-malicieux.embedseek.com/#xrwgy
Hitozuma Cosplay Kissa 2 02 vostfr.mkv,https://asset.seekstreaming.info/ojVw2uYrGzgFrth9Mzy9ng/ipk/dq8zriez/satgdf/poster.png,1920x1080,https://le-malicieux.embedseek.com/#shdzk&dl=1,https://le-malicieux.embedseek.com/#shdzk
Hitozuma Cosplay Kissa 2 01 vostfr.mkv,https://asset.seekstreaming.info/hgWAadggcDv_4QUoeou3qg/ipk/dq8zriez/uyzs8n/poster.png,1920x1080,https://le-malicieux.embedseek.com/#weus9&dl=1,https://le-malicieux.embedseek.com/#weus9
Heisa_Byoutou_02_vostfr.mkv,https://asset.seekstreaming.info/l314RYzB1Xq58icRJJEsDQ/ipk/dq8zriez/hv3mu6/poster.png,640x480,https://le-malicieux.embedseek.com/#35z1o&dl=1,https://le-malicieux.embedseek.com/#35z1o
Heisa_Byoutou_01_vostfr.mkv,https://asset.seekstreaming.info/IgPdpswM-nBd-JPkCBr15A/ojg/dq8zriez/hv3mu3/poster.png,640x480,https://le-malicieux.embedseek.com/#1nbu5&dl=1,https://le-malicieux.embedseek.com/#1nbu5
Heisa Byouin - 01 vostfr [hstream.moe].mkv,https://asset.seekstreaming.info/gbCjQmxFu-WqCNHO3AFDTA/skt/dq8zriez/8egdaw/poster.png,1920x1080,https://le-malicieux.embedseek.com/#ilfvb&dl=1,https://le-malicieux.embedseek.com/#ilfvb
Heisa Byouin - 02 vostfr [hstream.moe].mkv,https://asset.seekstreaming.info/HccjSp-TruKizGixdXPzyA/ipk/dq8zriez/it8b91/poster.png,1920x1080,https://le-malicieux.embedseek.com/#8dnet&dl=1,https://le-malicieux.embedseek.com/#8dnet
Gitai Saimin - 01 vostfr [hstream.moe].mkv,https://asset.seekstreaming.info/skAcyp_kRpzeMKkZXngnlQ/j3l/dq8zriez/xqrzea/poster.png,1920x1080,https://le-malicieux.embedseek.com/#5kynu&dl=1,https://le-malicieux.embedseek.com/#5kynu
Gitai Saimin - 02 vostfr [hstream.moe].mkv,https://asset.seekstreaming.info/BVISX_QXjx12NjDerLTzIg/skt/dq8zriez/bjdwep/poster.png,1920x1080,https://le-malicieux.embedseek.com/#vw6ad&dl=1,https://le-malicieux.embedseek.com/#vw6ad
Gakuen 3 Karei Naru Etsujoku 02 vostfr.mkv,https://asset.seekstreaming.info/7cfSZqwOBbdrQ22wRIKDjw/j3l/dq8zriez/xqrzee/poster.png,1920x1080,https://le-malicieux.embedseek.com/#p63lm&dl=1,https://le-malicieux.embedseek.com/#p63lm
Gakuen 3 Karei Naru Etsujoku 01 vostfr.mkv,https://asset.seekstreaming.info/397Ed-iFHHsi5gy0sA707w/3ae/dq8zriez/63qysg/poster.png,1920x1080,https://le-malicieux.embedseek.com/#as8rb&dl=1,https://le-malicieux.embedseek.com/#as8rb
Gakuen 2 01 vostfr.mkv,https://asset.seekstreaming.info/MeNRFL8_GRx4LIgTeHxwzA/j3l/dq8zriez/hv3m9m/poster.png,1280x736,https://le-malicieux.embedseek.com/#gjs3w&dl=1,https://le-malicieux.embedseek.com/#gjs3w
Gakuen 2 02 vostfr.mkv,https://asset.seekstreaming.info/kJKfvhq9UUSBhrP9GY4E7Q/3ae/dq8zriez/ngbkcd/poster.png,1280x720,https://le-malicieux.embedseek.com/#mgacn&dl=1,https://le-malicieux.embedseek.com/#mgacn
Futari_ecchi_Art_gallery_01 vostfr.mkv,https://asset.seekstreaming.info/vT2Dv-x291Jaxt0LxkhjAw/skt/dq8zriez/v9s81m/poster.png,960x720,https://le-malicieux.embedseek.com/#weucu&dl=1,https://le-malicieux.embedseek.com/#weucu
Futari_ecchi_04_vostfr.mkv,https://asset.seekstreaming.info/jN8PqqGSMfy71srGi16TOQ/ojg/dq8zriez/rmy98x/poster.png,960x720,https://le-malicieux.embedseek.com/#kxven&dl=1,https://le-malicieux.embedseek.com/#kxven
Futari_ecchi_03_vostfr.mkv,https://asset.seekstreaming.info/SgIy3QDsdUmY_KJvtBo3LA/puc/ipljef8k/qgprhl/poster.png,960x720,https://le-malicieux.embedseek.com/#kxvew&dl=1,https://le-malicieux.embedseek.com/#kxvew
Futari_ecchi_02_vostfr.mkv,https://asset.seekstreaming.info/JhMz02I4oL7yCpoAw0BKIg/ojg/dq8zriez/91aeoy/poster.png,960x720,https://le-malicieux.embedseek.com/#jbhl8&dl=1,https://le-malicieux.embedseek.com/#jbhl8
Futari_ecchi_01_vostfr.mkv,https://asset.seekstreaming.info/-Olgl-_VO8h0ApQq7FNg9Q/ojg/dq8zriez/ngbkqu/poster.png,960x720,https://le-malicieux.embedseek.com/#8dngs&dl=1,https://le-malicieux.embedseek.com/#8dngs
Fukubiki! Triangle Futaba wa Atafuta - 01 vostfr [hstream.moe].mkv,https://asset.seekstreaming.info/sza4bVAzLSunWj7jgICCsg/nc9/dq8zriez/it8fvm/poster.png,1920x1080,https://le-malicieux.embedseek.com/#5kywa&dl=1,https://le-malicieux.embedseek.com/#5kywa
Crimson Girls Chikan Shihai - 03 vostfr [1080p][48fps][hstream.moe].mkv,https://asset.seekstreaming.info/nGqIC0Kqnqq7aS2Rk37OMg/j3l/dq8zriez/tpentm/poster.png,1920x1080,https://le-malicieux.embedseek.com/#tcxzb&dl=1,https://le-malicieux.embedseek.com/#tcxzb
Doll Saaya 01 vostfr.mkv,https://asset.seekstreaming.info/O9H_yfPzxyR6MM_QONB7-w/nc9/dq8zriez/m8nw33/poster.png,720x480,https://le-malicieux.embedseek.com/#p63ke&dl=1,https://le-malicieux.embedseek.com/#p63ke
Crimson Girls Chikan Shihai - 01 vostfr [1080p][48fps][hstream.moe].mkv,https://asset.seekstreaming.info/LF4ewoC7cNpGhyhatO_T0g/skt/dq8zriez/ngb9r9/poster.png,1920x1080,https://le-malicieux.embedseek.com/#as8q6&dl=1,https://le-malicieux.embedseek.com/#as8q6
Crimson Girls Chikan Shihai - 02 vostfr [1080p][48fps][hstream.moe].mkv,https://asset.seekstreaming.info/CTffwtbsXMQYRf51mkSu4w/skt/dq8zriez/ob1sug/poster.png,1920x1080,https://le-malicieux.embedseek.com/#gjsim&dl=1,https://le-malicieux.embedseek.com/#gjsim
Cleavage - 02 vostfr [hstream.moe].mkv,https://asset.seekstreaming.info/uWEvrGSmEBfv8q5bWnBBdw/skt/dq8zriez/8egoj8/poster.png,1920x1080,https://le-malicieux.embedseek.com/#shdy5&dl=1,https://le-malicieux.embedseek.com/#shdy5
Cleavage - 01 vostfr [hstream.moe].mkv,https://asset.seekstreaming.info/-JsoV3haaV_EY969HZwQ5A/j3l/dq8zriez/ngb9dl/poster.png,1920x1080,https://le-malicieux.embedseek.com/#shdyx&dl=1,https://le-malicieux.embedseek.com/#shdyx
Ai doll 03 vostfr.mkv,https://asset.seekstreaming.info/JBiXQGT5-__sw3ZKlnZCug/nc9/dq8zriez/ngblix/poster.png,960x720,https://le-malicieux.embedseek.com/#b9ix8&dl=1,https://le-malicieux.embedseek.com/#b9ix8
Bondage Game ~Shinsou no Reijou-tachi~ Special 01 vostfr.mkv,https://asset.seekstreaming.info/ruEsnea6o6Z0Q32RqTku0A/nc9/dq8zriez/ch6op6/poster.png,638x480,https://le-malicieux.embedseek.com/#ilfwm&dl=1,https://le-malicieux.embedseek.com/#ilfwm
Keraku no Ou - 03 vostfr [hstream.moe].mkv,https://asset.seekstreaming.info/bQ-ERRIpI_tckyci_6PKxw/kra/9dr5ky6e/91wztq/poster.png,1440x1080,https://le-malicieux.embedseek.com/#hiqvm&dl=1,https://le-malicieux.embedseek.com/#hiqvm
Keraku no Ou - 02 vostfr [hstream.moe].mkv,https://asset.seekstreaming.info/Rd1t6h_3JjtyfSHVjrAiXA/kra/9dr5ky6e/3sehm1/poster.png,1440x1080,https://le-malicieux.embedseek.com/#opcld&dl=1,https://le-malicieux.embedseek.com/#opcld
Kangoku Senkan - 04 vostfr [1080p][48fps][hstream.moe].mkv,https://asset.seekstreaming.info/WWxpZCFZTEViSSWPSZRxMA/xic/9dr5ky6e/ngxmzx/poster.png,1920x1080,https://le-malicieux.embedseek.com/#vw6sq&dl=1,https://le-malicieux.embedseek.com/#vw6sq
Keraku no Ou - 01 vostfr [hstream.moe].mkv,https://asset.seekstreaming.info/dsFyw3kwY-tpSEhrK7ZJjQ/xic/9dr5ky6e/91wz3j/poster.png,1440x1080,https://le-malicieux.embedseek.com/#as8z9&dl=1,https://le-malicieux.embedseek.com/#as8z9
Kangoku Senkan - 03 vostfr [1080p][48fps][hstream.moe].mkv,https://asset.seekstreaming.info/bhru_BLiBIbH_hpiipAg4g/cvo/9dr5ky6e/hvt5r6/poster.png,1920x1080,https://le-malicieux.embedseek.com/#utkzc&dl=1,https://le-malicieux.embedseek.com/#utkzc
Kangoku Senkan - 02 vostfr [1080p][48fps][hstream.moe].mkv,https://asset.seekstreaming.info/pD1eXG3MsyIk9BxuxmhUjw/h9f/9dr5ky6e/e53tdm/poster.png,1920x1080,https://le-malicieux.embedseek.com/#5kyed&dl=1,https://le-malicieux.embedseek.com/#5kyed
Kangoku Senkan - 01 vostfr [1080p][48fps][hstream.moe].mkv,https://asset.seekstreaming.info/Pbjtifssrtm7dHLBMFOPKg/h9f/9dr5ky6e/3sehya/poster.png,1920x1080,https://le-malicieux.embedseek.com/#weu3t&dl=1,https://le-malicieux.embedseek.com/#weu3t
Kagirohi Shaku Kei - 02 vostfr [hstream.moe].mkv,https://asset.seekstreaming.info/byT8synwvv4R_8UQMOrDLQ/nc9/dq8zriez/lzvixt/poster.png,1920x1080,https://le-malicieux.embedseek.com/#kxvoe&dl=1,https://le-malicieux.embedseek.com/#kxvoe
Sisters ~Natsu no Saigo no Hi~ 01 vostfr.mkv,https://asset.seekstreaming.info/1A0qOKVdtl4bKqzLrL2kWg/j3l/dq8zriez/pw5geq/poster.png,800x600,https://le-malicieux.embedseek.com/#ilfeg&dl=1,https://le-malicieux.embedseek.com/#ilfeg
Sisters ~Natsu no Saigo no Hi~ 05 vostfr.mkv,https://asset.seekstreaming.info/-F_f7LnBQG3Gkyl6_sUrCg/xic/dq8zriez/hv3x6o/poster.png,800x600,https://le-malicieux.embedseek.com/#jbhxr&dl=1,https://le-malicieux.embedseek.com/#jbhxr
Sisters ~Natsu no Saigo no Hi~ 04 vostfr.mkv,https://asset.seekstreaming.info/lldSXLg2Ys0QU_hZjuEQ_A/skt/dq8zriez/e5cbgk/poster.png,800x600,https://le-malicieux.embedseek.com/#hiqwg&dl=1,https://le-malicieux.embedseek.com/#hiqwg
Sisters ~Natsu no Saigo no Hi~ 03 vostfr.mkv,https://asset.seekstreaming.info/3eEK7RPivZFqTjlayJU9bA/h9f/dq8zriez/it8yml/poster.png,800x600,https://le-malicieux.embedseek.com/#opc8q&dl=1,https://le-malicieux.embedseek.com/#opc8q
Sisters ~Natsu no Saigo no Hi~ 02 vostfr.mkv,https://asset.seekstreaming.info/Fn0F41uIw7bT509HLr9feg/j3l/dq8zriez/gcj1bi/poster.png,800x600,https://le-malicieux.embedseek.com/#nm938&dl=1,https://le-malicieux.embedseek.com/#nm938
Sisters ~Natsu no Saigo no Hi~ 09 vostfr.mkv,https://asset.seekstreaming.info/RuuEpc1zFP8p8DLAeanFoA/j3l/dq8zriez/j6xkds/poster.png,800x600,https://le-malicieux.embedseek.com/#hiqwp&dl=1,https://le-malicieux.embedseek.com/#hiqwp
(From Episodes 1-3) Yakin Byoutou - Deleted Scenes 01 vostfr.mkv,https://asset.seekstreaming.info/fc6D50saKyZKLMKBkUNEkw/h9f/dq8zriez/pw5gis/poster.png,576x432,https://le-malicieux.embedseek.com/#35zm6&dl=1,https://le-malicieux.embedseek.com/#35zm6
(Cen) Yakin Byoutou Special 10.5 fr.mkv,https://asset.seekstreaming.info/TagwZngrpcaSaGXLkIu7YQ/xic/dq8zriez/5lhj88/poster.png,640x476,https://le-malicieux.embedseek.com/#1nbcx&dl=1,https://le-malicieux.embedseek.com/#1nbcx
Sisters ~Natsu no Saigo no Hi~ 08 vostfr.mkv,https://asset.seekstreaming.info/LRwIZajXBAv-g1pxCzkEnA/j3l/dq8zriez/91aisa/poster.png,800x600,https://le-malicieux.embedseek.com/#ilfea&dl=1,https://le-malicieux.embedseek.com/#ilfea
Soukan Yuugi s1 02 vostfr [hstream.moe].mkv,https://asset.seekstreaming.info/dPxkwuERUHm4lf8EAJEqaA/r81/9dr5ky6e/dxybnd/poster.png,1920x1080,https://le-malicieux.embedseek.com/#8dnp3&dl=1,https://le-malicieux.embedseek.com/#8dnp3
Sisters ~Natsu no Saigo no Hi~ 07 vostfr.mkv,https://asset.seekstreaming.info/O5F2kF0oYRxxA9rMdUW5wg/j3l/dq8zriez/rmyluw/poster.png,800x600,https://le-malicieux.embedseek.com/#5kygc&dl=1,https://le-malicieux.embedseek.com/#5kygc
Sisters ~Natsu no Saigo no Hi~ 06 vostfr.mkv,https://asset.seekstreaming.info/jvep0FjnahzH0J01r09wSg/j3l/dq8zriez/tpen8y/poster.png,800x600,https://le-malicieux.embedseek.com/#tcx1u&dl=1,https://le-malicieux.embedseek.com/#tcx1u
Soukan Yuugi s1 01 vostfr [hstream.moe].mkv,https://asset.seekstreaming.info/nB_W3QE5C1mSF4X_kOq3QQ/r81/9dr5ky6e/pwva9m/poster.png,1920x1080,https://le-malicieux.embedseek.com/#p63rp&dl=1,https://le-malicieux.embedseek.com/#p63rp
Shoujo kara Shoujo e... - 02 vostfr [hstream.moe].mkv,https://asset.seekstreaming.info/95LXl_vWDxt4To1YdXH9Uw/r81/9dr5ky6e/638cet/poster.png,3840x2160,https://le-malicieux.embedseek.com/#gjs8j&dl=1,https://le-malicieux.embedseek.com/#gjs8j
Shin Hitou Meguri - 02 vostfr [hstream.moe].mkv,https://asset.seekstreaming.info/mBnCOvRX-ZSG-n2VLnvZhA/nc9/dq8zriez/91a6yj/poster.png,1920x1080,https://le-malicieux.embedseek.com/#mgalo&dl=1,https://le-malicieux.embedseek.com/#mgalo
Sei Yariman Sisters Pakopako Nikki The Animation - 01 vostfr [1080p][48fps][hstream.moe].mkv,https://asset.seekstreaming.info/SkysWRIs6AqAYGaQhhT-EA/nc9/dq8zriez/j6x9eb/poster.png,1920x1080,https://le-malicieux.embedseek.com/#9alfs&dl=1,https://le-malicieux.embedseek.com/#9alfs
Sexfriend no Senpai The Animation - 02 vostfr [hstream.moe].mkv,https://asset.seekstreaming.info/XiJ1EQp2aa49Bu5ajN0D7w/j3l/9dr5ky6e/lzawku/poster.png,1920x1080,https://le-malicieux.embedseek.com/#l81jr&dl=1,https://le-malicieux.embedseek.com/#l81jr
Pretty x Cation The Animation - s2 02 vostfr [hstream.moe].mkv,https://asset.seekstreaming.info/aPo8NvTX2Q8aF5I5bLKWHw/j3l/9dr5ky6e/kfzzke/poster.png,1920x1080,https://le-malicieux.embedseek.com/#5kyoq&dl=1,https://le-malicieux.embedseek.com/#5kyoq
Pretty x Cation The Animation - s2 01 vostfr [hstream.moe].mkv,https://asset.seekstreaming.info/WrZBZ39vWskuDSZ93sf2Lw/r81/9dr5ky6e/rmbbrp/poster.png,1920x1080,https://le-malicieux.embedseek.com/#shdn8&dl=1,https://le-malicieux.embedseek.com/#shdn8
Oyome-sama Honey Days 02 vostfr.mkv,https://asset.seekstreaming.info/REkMEUFbsqKpuHjFZZp7jg/3ae/lodt9aec/mrop6t/poster.png,1920x1080,https://le-malicieux.embedseek.com/#eotkt&dl=1,https://le-malicieux.embedseek.com/#eotkt
ParcMilf 01 VOSTFR.mkv,https://asset.seekstreaming.info/V9PKs6AkXJ83WPSuO6cwog/nc9/dq8zriez/uyzeby/poster.png,1920x1080,https://le-malicieux.embedseek.com/#xrw6m&dl=1,https://le-malicieux.embedseek.com/#xrw6m
Oyome-sama Honey Days 01 vostfr.mkv,https://asset.seekstreaming.info/H1YZeOLGUpnHtchLLZKS9w/h9f/9dr5ky6e/uy11u3/poster.png,1920x1080,https://le-malicieux.embedseek.com/#shdnq&dl=1,https://le-malicieux.embedseek.com/#shdnq
Onna Kyoushi - 03 vostfr [hstream.moe].mkv,https://asset.seekstreaming.info/WsLdnEuCQRxC6pCSaiao7g/9dz/lodt9aec/hcqoph/poster.png,1440x1080,https://le-malicieux.embedseek.com/#c3rwf&dl=1,https://le-malicieux.embedseek.com/#c3rwf
Onna Kyoushi - 02 vostfr [hstream.moe].mkv,https://asset.seekstreaming.info/4wf7OWdgb-yNKfMvRUVK5A/h9f/9dr5ky6e/3seecn/poster.png,1440x1080,https://le-malicieux.embedseek.com/#weu5c&dl=1,https://le-malicieux.embedseek.com/#weu5c
Nerawareta Megami Tenshi Angeltia Mamotta Ningen-tachi ni Uragirarete - 04 vostfr [1080p][48fps][hstream.moe].mkv,https://asset.seekstreaming.info/N22_H4ADpEn6M7rayy8tDA/nc9/dq8zriez/j6x9iy/poster.png,1920x1080,https://le-malicieux.embedseek.com/#kxvpo&dl=1,https://le-malicieux.embedseek.com/#kxvpo
Maro no Kanja wa Gatenkei - 02 vostfr [hstream.moe].mkv,https://asset.seekstreaming.info/TkxbdnXBflBVriTTzjLT4A/ipt/9dr5ky6e/chii8v/poster.png,1920x1080,https://le-malicieux.embedseek.com/#6u5zz&dl=1,https://le-malicieux.embedseek.com/#6u5zz
Mama Katsu Midareru Mama-tachi no Himitsu - 04 vostfr [hstream.moe].mkv,https://asset.seekstreaming.info/0IxyQgJj2oDhJyHj-dg4aw/r81/9dr5ky6e/rmbboh/poster.png,1920x1080,https://le-malicieux.embedseek.com/#jbhdq&dl=1,https://le-malicieux.embedseek.com/#jbhdq
Maro no Kanja wa Gatenkei - 01 vostfr [hstream.moe].mkv,https://asset.seekstreaming.info/f5h9Z-u05IzVvtQwOL3Uww/9dz/lodt9aec/6jrlg8/poster.png,1920x1080,https://le-malicieux.embedseek.com/#hiqmo&dl=1,https://le-malicieux.embedseek.com/#hiqmo
Mama Katsu Midareru Mama-tachi no Himitsu - 03 vostfr [hstream.moe].mkv,https://asset.seekstreaming.info/lRy46xonaoCsHK8IPPJ0uQ/r81/9dr5ky6e/8e66jy/poster.png,1920x1080,https://le-malicieux.embedseek.com/#opcxz&dl=1,https://le-malicieux.embedseek.com/#opcxz
Kyonyuu Try! - Tanki Shuuchuu Chichi Momi Lesson - 01 vostfr [1080p][48fps][hstream.moe].mkv,https://asset.seekstreaming.info/a4pOG5Z2VdIkGPxOkp0PWA/nc9/dq8zriez/it8f5x/poster.png,1920x1080,https://le-malicieux.embedseek.com/#nm9ix&dl=1,https://le-malicieux.embedseek.com/#nm9ix
Konna ni Yasashiku Sareta no 03 vostfr.mkv,https://asset.seekstreaming.info/5x9QFIA5Q449tf_PsaTbkA/r81/9dr5ky6e/xqnnff/poster.png,1920x1080,https://le-malicieux.embedseek.com/#1nbhd&dl=1,https://le-malicieux.embedseek.com/#1nbhd
Konna ni Yasashiku Sareta no 02 vostfr.mkv,https://asset.seekstreaming.info/76BZMDJiGTGSepcI1IBfcg/r81/9dr5ky6e/itccmb/poster.png,1920x1080,https://le-malicieux.embedseek.com/#ilfgt&dl=1,https://le-malicieux.embedseek.com/#ilfgt
Kazama Mana - 01 vostfr [hstream.moe].mkv,https://asset.seekstreaming.info/w4HZHIcSxMCYR3yXvdk39Q/nc9/dq8zriez/it8f5k/poster.png,1920x1080,https://le-malicieux.embedseek.com/#vw63y&dl=1,https://le-malicieux.embedseek.com/#vw63y
Konna ni Yasashiku Sareta no 01 vostfr.mkv,https://asset.seekstreaming.info/dDucImKysqICmotWNZYx2g/r81/9dr5ky6e/hvtt6v/poster.png,1920x1080,https://le-malicieux.embedseek.com/#tcxnt&dl=1,https://le-malicieux.embedseek.com/#tcxnt
Gakuen no Ikenie Nagusami Mono to Kashita Kyonyuu Furyou Shoujo - 01 VOSTFR [hstream.moe].mkv,https://asset.seekstreaming.info/cOaZs6BrgIl-g9j2iRS4IA/cvo/9dr5ky6e/gcqqbr/poster.png,1920x1080,https://le-malicieux.embedseek.com/#as8vs&dl=1,https://le-malicieux.embedseek.com/#as8vs
Jokei Kazoku III Himitsu - 01 VOSTFR  [hstream.moe].mkv,https://asset.seekstreaming.info/F-8PKZx30XuVMaYB5PYaAw/cvo/dq8zriez/v9sj9j/poster.png,1920x1080,https://le-malicieux.embedseek.com/#gjsxp&dl=1,https://le-malicieux.embedseek.com/#gjsxp
Auction Bijo Dorei 01 vostfr.mkv,https://asset.seekstreaming.info/94eee8M_ErFz4Aa-s60Gdw/cvo/9dr5ky6e/lzaaes/poster.png,1440x1080,https://le-malicieux.embedseek.com/#utk1i&dl=1,https://le-malicieux.embedseek.com/#utk1i
Yakata Kannou kitan - 01 vostfr [1080p][48fps][hstream.moe].mkv,https://asset.seekstreaming.info/9oHkMHa4Fq-NueFjNc5yfQ/cvo/9dr5ky6e/3seejo/poster.png,1920x1080,https://le-malicieux.embedseek.com/#5kyjz&dl=1,https://le-malicieux.embedseek.com/#5kyjz
Yakata Kannou kitan - 02 vostfr [1080p][48fps][hstream.moe].mkv,https://asset.seekstreaming.info/yZ7XarlMxcq1GoaxNwfLlA/cvo/9dr5ky6e/kfzzsm/poster.png,1920x1080,https://le-malicieux.embedseek.com/#shdwx&dl=1,https://le-malicieux.embedseek.com/#shdwx
Tsumamigui 3 The Animation s2 02 vostfr [hstream.moe].mkv,https://asset.seekstreaming.info/woH_-CX0AOFWQ68YIiDLIA/r81/9dr5ky6e/m8jj18/poster.png,1920x1080,https://le-malicieux.embedseek.com/#eot8s&dl=1,https://le-malicieux.embedseek.com/#eot8s
Tsumamigui s1 02 VOSTFR.mkv,https://asset.seekstreaming.info/cDdaN2GfoDw2RvN43gPWcQ/skt/9dr5ky6e/tphhjs/poster.png,1440x1080,https://le-malicieux.embedseek.com/#xrw9e&dl=1,https://le-malicieux.embedseek.com/#xrw9e
Tsumamigui s1 01 VOSTFR.mkv,https://asset.seekstreaming.info/fLrF5lFogoapO9iVA-fNDw/3ae/9dr5ky6e/6388yn/poster.png,1440x1080,https://le-malicieux.embedseek.com/#shdwz&dl=1,https://le-malicieux.embedseek.com/#shdwz
Tsumamigui 3 The Animation s2 01 vostfr [hstream.moe].mkv,https://asset.seekstreaming.info/F-OGeCaG-IxB0TSbUEToaQ/3ae/9dr5ky6e/pwvv6j/poster.png,1920x1080,https://le-malicieux.embedseek.com/#c3rmy&dl=1,https://le-malicieux.embedseek.com/#c3rmy
Tennen Koi-iro Alcohol - 02 vostfr [1080p][48fps][hstream.moe].mkv,https://asset.seekstreaming.info/AWwijVLMyl_Cz4OhPAwx9A/3ae/9dr5ky6e/8e66dz/poster.png,1920x1080,https://le-malicieux.embedseek.com/#weulh&dl=1,https://le-malicieux.embedseek.com/#weulh
Succubus Connect! - 04 vostfr [hstream.moe].mkv,https://asset.seekstreaming.info/EuS-8-82qKJGeq11Quq4Rw/3ae/9dr5ky6e/hvttx6/poster.png,1920x1080,https://le-malicieux.embedseek.com/#kxvbj&dl=1,https://le-malicieux.embedseek.com/#kxvbj
Soukan Yuugi s2 02 vostfr [hstream.moe].mkv,https://asset.seekstreaming.info/1eB3aXmdhBMTdd6ybL6KFw/3ae/9dr5ky6e/xqnnww/poster.png,1920x1080,https://le-malicieux.embedseek.com/#6u5ff&dl=1,https://le-malicieux.embedseek.com/#6u5ff
Soukan Yuugi s2 01 vostfr [hstream.moe].mkv,https://asset.seekstreaming.info/ceeWdnhLMgam3W8ggL1l6A/r81/9dr5ky6e/sa55m1/poster.png,1920x1080,https://le-malicieux.embedseek.com/#jbhrz&dl=1,https://le-malicieux.embedseek.com/#jbhrz
Niku Mesu R30 Nikuyoku ni Ochita Mesu-tachi 01 vostfr.mkv,https://asset.seekstreaming.info/N_wEnbM5Xz42LmoGjS5_WQ/cvo/9dr5ky6e/tphhnh/poster.png,1920x1080,https://le-malicieux.embedseek.com/#hiqej&dl=1,https://le-malicieux.embedseek.com/#hiqej
Notto Sexaroid Eurie! - 02 vostfr [hstream.moe].mkv,https://asset.seekstreaming.info/5bXFwtfHlybLhLLLvWVmUA/cvo/9dr5ky6e/e533b8/poster.png,1920x1080,https://le-malicieux.embedseek.com/#opcdf&dl=1,https://le-malicieux.embedseek.com/#opcdf
Notto Sexaroid Eurie! - 01 vostfr [hstream.moe].mkv,https://asset.seekstreaming.info/-3jmifNSWnnXDbMGjKSKiQ/cvo/9dr5ky6e/6388fr/poster.png,1920x1080,https://le-malicieux.embedseek.com/#nm95d&dl=1,https://le-malicieux.embedseek.com/#nm95d
Ikusa Otome Suvia - 4 vostfr [hstream.moe].mkv,https://asset.seekstreaming.info/Yswp1WzJz1RnJq2C9r30tA/kra/9dr5ky6e/pwvvaj/poster.png,1920x1080,https://le-malicieux.embedseek.com/#8dn9l&dl=1,https://le-malicieux.embedseek.com/#8dn9l
Ikusa Otome Suvia - 3 vostfr [hstream.moe].mkv,https://asset.seekstreaming.info/aCywnaDqZL8HWusYudiPKw/kra/9dr5ky6e/m8jjql/poster.png,1920x1080,https://le-malicieux.embedseek.com/#5kyb5&dl=1,https://le-malicieux.embedseek.com/#5kyb5
Ikusa Otome Suvia - 2 vostfr [hstream.moe].mkv,https://asset.seekstreaming.info/0il7D9B2ZnhOyrcQtf71mA/kra/9dr5ky6e/obfffy/poster.png,1920x1080,https://le-malicieux.embedseek.com/#gjsr6&dl=1,https://le-malicieux.embedseek.com/#gjsr6
Ikusa Otome Suvia - 1 vostfr [hstream.moe].mkv,https://asset.seekstreaming.info/JvKAAivYWIgQwvKKTiueIg/kra/9dr5ky6e/kfzzz3/poster.png,1920x1080,https://le-malicieux.embedseek.com/#mgaxb&dl=1,https://le-malicieux.embedseek.com/#mgaxb
I Can - 03 vostfr [hstream.moe].mkv,https://asset.seekstreaming.info/XBFO87zFrTlT4wiJXWSiCQ/kra/9dr5ky6e/e5333l/poster.png,3840x2160,https://le-malicieux.embedseek.com/#9alv3&dl=1,https://le-malicieux.embedseek.com/#9alv3
Ikenai Koto The Animation - 01 vostfr [hstream.moe].mkv,https://asset.seekstreaming.info/IvuTM3Vldm23fWVLxPi-yg/kra/9dr5ky6e/xqnnrz/poster.png,1920x1080,https://le-malicieux.embedseek.com/#l816f&dl=1,https://le-malicieux.embedseek.com/#l816f
Honoo no Haramase Doukyuusei - 02 VOSTFR [hstream.moe].mkv,https://asset.seekstreaming.info/S5F9PsTaGFalc8uo_nbOQA/j3l/9dr5ky6e/chii6p/poster.png,1920x1080,https://le-malicieux.embedseek.com/#utknl&dl=1,https://le-malicieux.embedseek.com/#utknl
Honoo no Haramase Doukyuusei - 01 VOSTFR [hstream.moe].mkv,https://asset.seekstreaming.info/RdEAADK0hF15GRVyHPstoQ/ipt/9dr5ky6e/91wwat/poster.png,1920x1080,https://le-malicieux.embedseek.com/#shder&dl=1,https://le-malicieux.embedseek.com/#shder
Hime-sama Gentei! - 02 vostfr [hstream.moe].mkv,https://asset.seekstreaming.info/QResLzkSTiLV6y2xJ5giqQ/kra/9dr5ky6e/m8jjns/poster.png,1920x1080,https://le-malicieux.embedseek.com/#eotdh&dl=1,https://le-malicieux.embedseek.com/#eotdh
Futabu 2 02 vostfr [hstream.moe].mkv,https://asset.seekstreaming.info/vgsSu4nEUkbkhLS6FuaDQg/kra/9dr5ky6e/gcqqnx/poster.png,1920x1080,https://le-malicieux.embedseek.com/#xrwao&dl=1,https://le-malicieux.embedseek.com/#xrwao
Futabu 2 01 vostfr [hstream.moe].mkv,https://asset.seekstreaming.info/0GtCB4SJtVetSlXPJcYTig/kra/9dr5ky6e/8e66md/poster.png,1920x1080,https://le-malicieux.embedseek.com/#shdey&dl=1,https://le-malicieux.embedseek.com/#shdey
Futabu - 02 vostfr [hstream.moe].mkv,https://asset.seekstreaming.info/ueZmFlcLQToO0nzvRdrEYg/kra/9dr5ky6e/uy11w6/poster.png,1920x1080,https://le-malicieux.embedseek.com/#weu8i&dl=1,https://le-malicieux.embedseek.com/#weu8i
Futabu - 01 vostfr [hstream.moe].mkv,https://asset.seekstreaming.info/r7o3PthVeuikRfdx6wCXgw/cvo/9dr5ky6e/chiigs/poster.png,1920x1080,https://le-malicieux.embedseek.com/#kxv9p&dl=1,https://le-malicieux.embedseek.com/#kxv9p
Eromame - 02 vostfr [hstream.moe].mkv,https://asset.seekstreaming.info/ncvlO00O2XLZtXoROBV3EA/ipt/9dr5ky6e/bjrruz/poster.png,1920x1080,https://le-malicieux.embedseek.com/#ilfpb&dl=1,https://le-malicieux.embedseek.com/#ilfpb
Amai Ijiwaru - 01 vostfr [hstream.moe].mkv,https://asset.seekstreaming.info/NHY4OXdtRUTfiSLmA6ybZQ/xic/dq8zriez/kfwiic/poster.png,1920x1280,https://le-malicieux.embedseek.com/#jbhzy&dl=1,https://le-malicieux.embedseek.com/#jbhzy
Amai Ijiwaru - 02 vostfr [hstream.moe].mkv,https://asset.seekstreaming.info/TtH6doBJCUlFrLP2W3Zy0w/ojg/dq8zriez/it8ffj/poster.png,1920x1280,https://le-malicieux.embedseek.com/#opcq1&dl=1,https://le-malicieux.embedseek.com/#opcq1
Mesu Kyoushi Injoku no Kyoushitsu - 03 vostfr [hstream.moe].mkv,https://asset.seekstreaming.info/YCW-1mPg6hWmiKFJt8D_0A/r81/9dr5ky6e/itccn6/poster.png,1920x1080,https://le-malicieux.embedseek.com/#hiqou&dl=1,https://le-malicieux.embedseek.com/#hiqou
Misuzu Ikenai Koto 01 VOSTFR.mkv,https://asset.seekstreaming.info/-1rKrNZFmBZ0FFrE_w3ynQ/r81/9dr5ky6e/8e66bu/poster.png,1920x1080,https://le-malicieux.embedseek.com/#ilfph&dl=1,https://le-malicieux.embedseek.com/#ilfph
Mesu Kyoushi Injoku no Kyoushitsu - 02 vostfr [hstream.moe].mkv,https://asset.seekstreaming.info/oGgi2i9xJ_2LTXLcqN7WvA/r81/9dr5ky6e/uy11vm/poster.png,1920x1080,https://le-malicieux.embedseek.com/#5ky6l&dl=1,https://le-malicieux.embedseek.com/#5ky6l
Mesu Kyoushi Injoku no Kyoushitsu - 01 vostfr [hstream.moe].mkv,https://asset.seekstreaming.info/qkYqDOviF1rJdhbNqf48EA/r81/9dr5ky6e/6388dx/poster.png,1920x1080,https://le-malicieux.embedseek.com/#gjsq9&dl=1,https://le-malicieux.embedseek.com/#gjsq9
Majuu Jouka Shoujo Utea - 04 vostfr [1080p][48fps][hstream.moe].mkv,https://asset.seekstreaming.info/aUHBMsAHVERvGwcD3IEW0w/r81/9dr5ky6e/xqnnk5/poster.png,1920x1080,https://le-malicieux.embedseek.com/#mgad6&dl=1,https://le-malicieux.embedseek.com/#mgad6
Majuu Jouka Shoujo Utea - 02 vostfr [1080p][48fps][hstream.moe].mkv,https://asset.seekstreaming.info/ySfSVbFzZCGaP8YD_ir-rg/r81/9dr5ky6e/dxyyav/poster.png,1920x1080,https://le-malicieux.embedseek.com/#l819y&dl=1,https://le-malicieux.embedseek.com/#l819y
Majuu Jouka Shoujo Utea - 03 vostfr [1080p][48fps][hstream.moe].mkv,https://asset.seekstreaming.info/jFvIQl6FROs3vhzVD_ciDg/r81/9dr5ky6e/itccro/poster.png,1920x1080,https://le-malicieux.embedseek.com/#utkwk&dl=1,https://le-malicieux.embedseek.com/#utkwk
Maid-san to Boin Damashii The Animation - 02 vostfr [hstream.moe].mkv,https://asset.seekstreaming.info/ahtFhWgNGM6OXtUNwo_sUg/kra/9dr5ky6e/qigg1i/poster.png,1920x1080,https://le-malicieux.embedseek.com/#eotr3&dl=1,https://le-malicieux.embedseek.com/#eotr3
Maid-san to Boin Damashii The Animation - 01 vostfr [hstream.moe].mkv,https://asset.seekstreaming.info/avk7lQIlyAYdGT_z2vMDiQ/ipt/9dr5ky6e/91wwcj/poster.png,1920x1080,https://le-malicieux.embedseek.com/#shdg1&dl=1,https://le-malicieux.embedseek.com/#shdg1
Mahou Touki Lilustear - 04 vostfr [hstream.moe].mkv,https://asset.seekstreaming.info/KpdKxUjrs5w8hOumlFAl7Q/ipt/9dr5ky6e/tphhb3/poster.png,1920x1080,https://le-malicieux.embedseek.com/#kxvub&dl=1,https://le-malicieux.embedseek.com/#kxvub
Mahou Touki Lilustear - 03 vostfr [hstream.moe].mkv,https://asset.seekstreaming.info/cHAHLgJvW3fnXxMVXqEC4Q/ipt/9dr5ky6e/v9ppmq/poster.png,1920x1080,https://le-malicieux.embedseek.com/#6u5vv&dl=1,https://le-malicieux.embedseek.com/#6u5vv
Kyou wa Yubiwa wo Hazusu kara 02 vostfr.mkv,https://asset.seekstreaming.info/CEF4Pu-pNbQkFx3Vbu7CaA/ipt/9dr5ky6e/bjrrp5/poster.png,2560x1440,https://le-malicieux.embedseek.com/#ilfb6&dl=1,https://le-malicieux.embedseek.com/#ilfb6
Kyou wa Yubiwa wo Hazusu kara 01 vostfr.mkv,https://asset.seekstreaming.info/AAN0Ey7FXIBDAPQerbhG8Q/j3l/9dr5ky6e/8e661l/poster.png,2560x1440,https://le-malicieux.embedseek.com/#jbhf1&dl=1,https://le-malicieux.embedseek.com/#jbhf1
Kotowari Kimi no Kokoro no Koboreta Kakera - 01 vostfr [1080p][48fps][hstream.moe].mkv,https://asset.seekstreaming.info/p_PRgb8ZU1jKfE7gDxEVHw/cvo/9dr5ky6e/ngxxab/poster.png,1920x1080,https://le-malicieux.embedseek.com/#nm98z&dl=1,https://le-malicieux.embedseek.com/#nm98z
Kotowari Kimi no Kokoro no Koboreta Kakera - 02 vostfr [1080p][48fps][hstream.moe].mkv,https://asset.seekstreaming.info/kFpFzlVzeoZPtINYCrLXhw/cvo/9dr5ky6e/xqnnll/poster.png,1920x1080,https://le-malicieux.embedseek.com/#35zps&dl=1,https://le-malicieux.embedseek.com/#35zps
JK to Inkou Kyoushi 4 feat. Ero Giin-sensei - 01 VOSTFR [hstream.moe].mkv,https://asset.seekstreaming.info/0EPE4flst0Shi5i9KR_OQA/h9f/9dr5ky6e/gcqq9w/poster.png,1920x1080,https://le-malicieux.embedseek.com/#8dntx&dl=1,https://le-malicieux.embedseek.com/#8dntx
JK to Inkou Kyoushi 4 feat. Ero Giin-sensei - 02  VOSTFR [hstream.moe].mkv,https://asset.seekstreaming.info/pWA_Gj3p6rIy4iHF618oOw/h9f/9dr5ky6e/8e66zp/poster.png,1920x1080,https://le-malicieux.embedseek.com/#tcxg3&dl=1,https://le-malicieux.embedseek.com/#tcxg3
Kyouhaku Owaranai Ashita - 02 vostfr [hstream.moe].mkv,https://asset.seekstreaming.info/7yfFR9dcX747NyWbgB8Bfg/nc9/dq8zriez/ngbls6/poster.png,1920x1080,https://le-malicieux.embedseek.com/#as8ei&dl=1,https://le-malicieux.embedseek.com/#as8ei
Kyouhaku Owaranai Ashita - 01 vostfr [hstream.moe].mkv,https://asset.seekstreaming.info/hMRJTFRbHUzm6uT9BfPtsQ/h9f/dq8zriez/91a6mc/poster.png,1920x1080,https://le-malicieux.embedseek.com/#mgar9&dl=1,https://le-malicieux.embedseek.com/#mgar9
Zecchou Rocket - 02 vostfr [hstream.moe].mkv,https://asset.seekstreaming.info/kIb7ZFUN3IiXgCDaSZLGGg/3ae/dq8zriez/hv3bb9/poster.png,1920x1080,https://le-malicieux.embedseek.com/#9alw5&dl=1,https://le-malicieux.embedseek.com/#9alw5
Zecchou Rocket - 01 vostfr [hstream.moe].mkv,https://asset.seekstreaming.info/M8k4RTy_JQ99nWGeZUyhYA/3ae/dq8zriez/xqravw/poster.png,1920x1080,https://le-malicieux.embedseek.com/#l81u1&dl=1,https://le-malicieux.embedseek.com/#l81u1
Wanna SpartanSex Spermax - 02 vostfr [hstream.moe].mkv,https://asset.seekstreaming.info/IOx2MWQ5sPK5A6G_HxwLlg/nc9/dq8zriez/uyzei6/poster.png,1920x1080,https://le-malicieux.embedseek.com/#8dntg&dl=1,https://le-malicieux.embedseek.com/#8dntg
Wanna SpartanSex Spermax - 01 vostfr [hstream.moe].mkv,https://asset.seekstreaming.info/tA5lBFPrj6tDoBbA3sZ-4g/nc9/dq8zriez/hv3by5/poster.png,1920x1080,https://le-malicieux.embedseek.com/#xrwsp&dl=1,https://le-malicieux.embedseek.com/#xrwsp
Netoraserare - 02 vostfr [hstream.moe].mkv,https://asset.seekstreaming.info/T24cSXcZizjR_G6AjZN1Ow/nc9/dq8zriez/it8f1n/poster.png,1920x1080,https://le-malicieux.embedseek.com/#c3rjw&dl=1,https://le-malicieux.embedseek.com/#c3rjw
Machi Gurumi no Wana Hakudaku ni Mamireta Shitai - 04 vostfr [hstream.moe].mkv,https://asset.seekstreaming.info/-E5v6F9zMpFcfyd5nSDKsQ/nc9/dq8zriez/63q1wg/poster.png,1920x1080,https://le-malicieux.embedseek.com/#nm9xf&dl=1,https://le-malicieux.embedseek.com/#nm9xf
Netoraserare - 01 vostfr [hstream.moe].mkv,https://asset.seekstreaming.info/SO0h37UZ50Mgm2PtOOlTAw/skt/dq8zriez/rmypst/poster.png,1920x1080,https://le-malicieux.embedseek.com/#1nb81&dl=1,https://le-malicieux.embedseek.com/#1nb81
Machi Gurumi no Wana Hakudaku ni Mamireta Shitai - 03 vostfr [hstream.moe].mkv,https://asset.seekstreaming.info/yX2lcHl3RXPSTYSAR6ZH9A/nc9/dq8zriez/pw5mb6/poster.png,1920x1080,https://le-malicieux.embedseek.com/#mgaqu&dl=1,https://le-malicieux.embedseek.com/#mgaqu
Kyouhaku Owaranai Ashita - 03 vostfr [hstream.moe].mkv,https://asset.seekstreaming.info/gsgSXWZB8ZPsNAKqQA5T3w/nc9/dq8zriez/j6x9pg/poster.png,1920x1080,https://le-malicieux.embedseek.com/#9alml&dl=1,https://le-malicieux.embedseek.com/#9alml